-- =========================================================
-- DATATEST.sql
-- Seed data mẫu để chạy sau SCHEMA.sql
-- Mục tiêu:
-- 1. Có dữ liệu test cho đăng nhập / auth
-- 2. Có dữ liệu test cho màn hình QuanLyKhuVuc
-- 3. Có thêm dữ liệu nền cho một số bảng liên quan
--
-- Ghi chú:
-- - Script này giả định database đang là schema mới tạo.
-- - Mật khẩu test cho các account bên dưới là: 123456
-- - SHA-256(123456):
--   8d969eef6ecad3c29a3a629280e686cf0c3f5d5a86aff3ca12020c923adc6c92
-- =========================================================

-- =========================================================
-- 1. DỮ LIỆU NỀN AUTH / USERS
-- =========================================================
INSERT INTO USERS (USER_ID, HOTEN, SDT, EMAIL, NGAYSINH, DIACHI, CREATED_AT, IS_DELETED)
VALUES ('USR001', 'Nguyen Van Quan', '0900000001', 'quan.admin@sportcourt.vn', TO_DATE('1990-05-10', 'YYYY-MM-DD'), 'Quan 1, TP.HCM', SYSDATE - 30, 0);

INSERT INTO USERS (USER_ID, HOTEN, SDT, EMAIL, NGAYSINH, DIACHI, CREATED_AT, IS_DELETED)
VALUES ('USR002', 'Tran Thi Linh', '0900000002', 'linh.manager@sportcourt.vn', TO_DATE('1993-08-21', 'YYYY-MM-DD'), 'Thu Duc, TP.HCM', SYSDATE - 25, 0);

INSERT INTO USERS (USER_ID, HOTEN, SDT, EMAIL, NGAYSINH, DIACHI, CREATED_AT, IS_DELETED)
VALUES ('USR003', 'Le Hoang Nam', '0900000003', 'nam.staff@sportcourt.vn', TO_DATE('1998-03-14', 'YYYY-MM-DD'), 'Bien Hoa, Dong Nai', SYSDATE - 20, 0);

INSERT INTO USERS (USER_ID, HOTEN, SDT, EMAIL, NGAYSINH, DIACHI, CREATED_AT, IS_DELETED)
VALUES ('USR004', 'Pham Gia Bao', '0900000004', 'bao.customer@sportcourt.vn', TO_DATE('2000-11-05', 'YYYY-MM-DD'), 'Go Vap, TP.HCM', SYSDATE - 15, 0);

INSERT INTO USERS (USER_ID, HOTEN, SDT, EMAIL, NGAYSINH, DIACHI, CREATED_AT, IS_DELETED)
VALUES ('USR005', 'Vo Minh Thu', '0900000005', 'thu.customer@sportcourt.vn', TO_DATE('2001-01-20', 'YYYY-MM-DD'), 'Da Nang', SYSDATE - 12, 0);

INSERT INTO ACCOUNT (ACCOUNT_ID, USER_ID, USERNAME, PASSWORD_HASH, STATUS, CREATED_AT, IS_DELETED)
VALUES ('ACC001', 'USR001', '0900000001', '8d969eef6ecad3c29a3a629280e686cf0c3f5d5a86aff3ca12020c923adc6c92', 'ACTIVE', SYSDATE - 30, 0);

INSERT INTO ACCOUNT (ACCOUNT_ID, USER_ID, USERNAME, PASSWORD_HASH, STATUS, CREATED_AT, IS_DELETED)
VALUES ('ACC002', 'USR002', '0900000002', '8d969eef6ecad3c29a3a629280e686cf0c3f5d5a86aff3ca12020c923adc6c92', 'ACTIVE', SYSDATE - 25, 0);

INSERT INTO ACCOUNT (ACCOUNT_ID, USER_ID, USERNAME, PASSWORD_HASH, STATUS, CREATED_AT, IS_DELETED)
VALUES ('ACC003', 'USR003', '0900000003', '8d969eef6ecad3c29a3a629280e686cf0c3f5d5a86aff3ca12020c923adc6c92', 'ACTIVE', SYSDATE - 20, 0);

INSERT INTO ACCOUNT (ACCOUNT_ID, USER_ID, USERNAME, PASSWORD_HASH, STATUS, CREATED_AT, IS_DELETED)
VALUES ('ACC004', 'USR004', '0900000004', '8d969eef6ecad3c29a3a629280e686cf0c3f5d5a86aff3ca12020c923adc6c92', 'ACTIVE', SYSDATE - 15, 0);

INSERT INTO ACCOUNT (ACCOUNT_ID, USER_ID, USERNAME, PASSWORD_HASH, STATUS, CREATED_AT, IS_DELETED)
VALUES ('ACC005', 'USR005', '0900000005', '8d969eef6ecad3c29a3a629280e686cf0c3f5d5a86aff3ca12020c923adc6c92', 'ACTIVE', SYSDATE - 12, 0);

-- =========================================================
-- 2. DỮ LIỆU PHÂN QUYỀN CƠ BẢN
-- =========================================================
INSERT INTO FUNCTIONS (FUNCTION_ID, NAME_FUNCTION, CREATED_AT, IS_DELETED)
VALUES ('FNC001', 'AUTH', SYSDATE - 30, 0);

INSERT INTO FUNCTIONS (FUNCTION_ID, NAME_FUNCTION, CREATED_AT, IS_DELETED)
VALUES ('FNC002', 'AREA_MANAGEMENT', SYSDATE - 30, 0);

INSERT INTO FUNCTIONS (FUNCTION_ID, NAME_FUNCTION, CREATED_AT, IS_DELETED)
VALUES ('FNC003', 'CUSTOMER_MANAGEMENT', SYSDATE - 30, 0);

INSERT INTO ROLE (ROLE_ID, FUNCTION_ID, ROLE_NAME, CAN_ADD, CAN_EDIT, CAN_DELETE, CAN_DOWNLOAD, CAN_VIEW, CREATED_AT, IS_DELETED)
VALUES ('ROL001', 'FNC001', 'ADMIN_AUTH', 1, 1, 1, 1, 1, SYSDATE - 29, 0);

INSERT INTO ROLE (ROLE_ID, FUNCTION_ID, ROLE_NAME, CAN_ADD, CAN_EDIT, CAN_DELETE, CAN_DOWNLOAD, CAN_VIEW, CREATED_AT, IS_DELETED)
VALUES ('ROL002', 'FNC002', 'AREA_MANAGER', 1, 1, 1, 1, 1, SYSDATE - 29, 0);

INSERT INTO ROLE (ROLE_ID, FUNCTION_ID, ROLE_NAME, CAN_ADD, CAN_EDIT, CAN_DELETE, CAN_DOWNLOAD, CAN_VIEW, CREATED_AT, IS_DELETED)
VALUES ('ROL003', 'FNC003', 'CUSTOMER_STAFF', 1, 1, 0, 0, 1, SYSDATE - 29, 0);

INSERT INTO ACCOUNT_ROLE (ACCOUNT_ROLE_ID, ACCOUNT_ID, ROLE_ID, CREATED_AT, IS_DELETED)
VALUES ('AR001', 'ACC001', 'ROL001', SYSDATE - 28, 0);

INSERT INTO ACCOUNT_ROLE (ACCOUNT_ROLE_ID, ACCOUNT_ID, ROLE_ID, CREATED_AT, IS_DELETED)
VALUES ('AR002', 'ACC002', 'ROL002', SYSDATE - 28, 0);

INSERT INTO ACCOUNT_ROLE (ACCOUNT_ROLE_ID, ACCOUNT_ID, ROLE_ID, CREATED_AT, IS_DELETED)
VALUES ('AR003', 'ACC003', 'ROL003', SYSDATE - 28, 0);

INSERT INTO ROLE_GROUP (GROUP_ID, GROUP_NAME, DESCRIPTION, CREATED_AT, IS_DELETED)
VALUES ('GRP001', 'ADMIN_GROUP', 'Nhom quan tri he thong', SYSDATE - 27, 0);

INSERT INTO ROLE_GROUP (GROUP_ID, GROUP_NAME, DESCRIPTION, CREATED_AT, IS_DELETED)
VALUES ('GRP002', 'OPERATION_GROUP', 'Nhom van hanh chi nhanh', SYSDATE - 27, 0);

INSERT INTO ACCOUNT_ROLE_GROUP (ACCOUNT_ROLE_GROUP_ID, ACCOUNT_ID, GROUP_ID, CREATED_AT, IS_DELETED)
VALUES ('ARG001', 'ACC001', 'GRP001', SYSDATE - 26, 0);

INSERT INTO ACCOUNT_ROLE_GROUP (ACCOUNT_ROLE_GROUP_ID, ACCOUNT_ID, GROUP_ID, CREATED_AT, IS_DELETED)
VALUES ('ARG002', 'ACC002', 'GRP002', SYSDATE - 26, 0);

INSERT INTO ACCOUNT_ROLE_GROUP_MAPPING (MAPPING_ID, ROLE_ID, GROUP_ID, CREATED_AT, IS_DELETED)
VALUES ('MAP001', 'ROL001', 'GRP001', SYSDATE - 26, 0);

INSERT INTO ACCOUNT_ROLE_GROUP_MAPPING (MAPPING_ID, ROLE_ID, GROUP_ID, CREATED_AT, IS_DELETED)
VALUES ('MAP002', 'ROL002', 'GRP002', SYSDATE - 26, 0);

INSERT INTO ACCOUNT_ROLE_GROUP_MAPPING (MAPPING_ID, ROLE_ID, GROUP_ID, CREATED_AT, IS_DELETED)
VALUES ('MAP003', 'ROL003', 'GRP002', SYSDATE - 26, 0);

-- =========================================================
-- 3. DỮ LIỆU KHÁCH HÀNG
-- =========================================================
INSERT INTO HANG_KHACH_HANG (MA_HANG, TEN_HANG, CHIET_KHAU, MUC_TIEN, CREATED_AT, IS_DELETED)
VALUES ('HANG001', 'THANH VIEN', 0, 0, SYSDATE - 25, 0);

INSERT INTO HANG_KHACH_HANG (MA_HANG, TEN_HANG, CHIET_KHAU, MUC_TIEN, CREATED_AT, IS_DELETED)
VALUES ('HANG002', 'BAC', 5, 5000000, SYSDATE - 25, 0);

INSERT INTO HANG_KHACH_HANG (MA_HANG, TEN_HANG, CHIET_KHAU, MUC_TIEN, CREATED_AT, IS_DELETED)
VALUES ('HANG003', 'VANG', 10, 10000000, SYSDATE - 25, 0);

INSERT INTO KHACH_HANG (MAKH, USER_ID, MA_HANG, TRANG_THAI, DOANH_THU, CREATED_AT, IS_DELETED)
VALUES ('KH001', 'USR004', 'HANG001', 'ACTIVE', 1200000, SYSDATE - 15, 0);

INSERT INTO KHACH_HANG (MAKH, USER_ID, MA_HANG, TRANG_THAI, DOANH_THU, CREATED_AT, IS_DELETED)
VALUES ('KH002', 'USR005', 'HANG002', 'ACTIVE', 6500000, SYSDATE - 12, 0);

-- =========================================================
-- 4. DỮ LIỆU CHI NHÁNH / NHÂN VIÊN
-- =========================================================
INSERT INTO CHI_NHANH (MACN, TEN_CHI_NHANH, DIACHI, HOTLINE, CREATED_AT, IS_DELETED)
VALUES ('CN001', 'Chi nhanh Quan 1', '12 Nguyen Hue, Quan 1, TP.HCM', '0911111111', SYSDATE - 24, 0);

INSERT INTO CHI_NHANH (MACN, TEN_CHI_NHANH, DIACHI, HOTLINE, CREATED_AT, IS_DELETED)
VALUES ('CN002', 'Chi nhanh Thu Duc', '25 Vo Van Ngan, Thu Duc, TP.HCM', '0922222222', SYSDATE - 24, 0);

INSERT INTO CHI_NHANH (MACN, TEN_CHI_NHANH, DIACHI, HOTLINE, CREATED_AT, IS_DELETED)
VALUES ('CN003', 'Chi nhanh Da Nang', '99 Le Duan, Hai Chau, Da Nang', '0933333333', SYSDATE - 24, 0);

INSERT INTO LOAI_NHAN_VIEN (MALNV, VITRI, MUC_LUONG, CREATED_AT, IS_DELETED)
VALUES ('LNV001', 'Quan ly chi nhanh', 18000000, SYSDATE - 23, 0);

INSERT INTO LOAI_NHAN_VIEN (MALNV, VITRI, MUC_LUONG, CREATED_AT, IS_DELETED)
VALUES ('LNV002', 'Nhan vien van hanh', 9000000, SYSDATE - 23, 0);

INSERT INTO NHAN_VIEN (MANV, USER_ID, MALNV, MACN, NVL, CCCD, IS_QL, TRANG_THAI, CREATED_AT, IS_DELETED)
VALUES ('NV001', 'USR002', 'LNV001', 'CN001', TO_DATE('2023-01-05', 'YYYY-MM-DD'), '079123456789', 1, 'ACTIVE', SYSDATE - 22, 0);

INSERT INTO NHAN_VIEN (MANV, USER_ID, MALNV, MACN, NVL, CCCD, IS_QL, TRANG_THAI, CREATED_AT, IS_DELETED)
VALUES ('NV002', 'USR003', 'LNV002', 'CN002', TO_DATE('2024-03-01', 'YYYY-MM-DD'), '079123456788', 0, 'ACTIVE', SYSDATE - 20, 0);

-- =========================================================
-- 5. DỮ LIỆU CHO QUẢN LÝ KHU VỰC
-- =========================================================
INSERT INTO LOAI_THE_THAO (MATT, TEN, DESCRIPTION, CREATED_AT, IS_DELETED)
VALUES ('TT001', 'Bong da', 'Khu vuc danh cho san bong da mini', SYSDATE - 21, 0);

INSERT INTO LOAI_THE_THAO (MATT, TEN, DESCRIPTION, CREATED_AT, IS_DELETED)
VALUES ('TT002', 'Cau long', 'Khu vuc san cau long trong nha', SYSDATE - 21, 0);

INSERT INTO LOAI_THE_THAO (MATT, TEN, DESCRIPTION, CREATED_AT, IS_DELETED)
VALUES ('TT003', 'Pickleball', 'Khu vuc san pickleball', SYSDATE - 21, 0);

INSERT INTO LOAI_THE_THAO (MATT, TEN, DESCRIPTION, CREATED_AT, IS_DELETED)
VALUES ('TT004', 'Bong ro', 'Khu vuc san bong ro', SYSDATE - 21, 0);

INSERT INTO KHU_VUC (MAKV, MACN, MATT, SO_LUONG_SAN, CREATED_AT, IS_DELETED)
VALUES ('KV001', 'CN001', 'TT001', 4, SYSDATE - 18, 0);

INSERT INTO KHU_VUC (MAKV, MACN, MATT, SO_LUONG_SAN, CREATED_AT, IS_DELETED)
VALUES ('KV002', 'CN001', 'TT002', 6, SYSDATE - 17, 0);

INSERT INTO KHU_VUC (MAKV, MACN, MATT, SO_LUONG_SAN, CREATED_AT, IS_DELETED)
VALUES ('KV003', 'CN002', 'TT001', 3, SYSDATE - 16, 0);

INSERT INTO KHU_VUC (MAKV, MACN, MATT, SO_LUONG_SAN, CREATED_AT, IS_DELETED)
VALUES ('KV004', 'CN002', 'TT003', 5, SYSDATE - 15, 0);

INSERT INTO KHU_VUC (MAKV, MACN, MATT, SO_LUONG_SAN, CREATED_AT, IS_DELETED)
VALUES ('KV005', 'CN003', 'TT004', 2, SYSDATE - 14, 0);

INSERT INTO KHU_VUC (MAKV, MACN, MATT, SO_LUONG_SAN, CREATED_AT, IS_DELETED)
VALUES ('KV006', 'CN003', 'TT002', 4, SYSDATE - 13, 0);

-- =========================================================
-- 6. DỮ LIỆU KHUNG GIỜ / BẢNG GIÁ
-- =========================================================
INSERT INTO KHUNG_GIO (MAKG, TEN_KHUNG, GIO_BAT_DAU, GIO_KET_THUC, CREATED_AT, IS_DELETED)
VALUES ('KG001', 'Sang', 6, 12, SYSDATE - 12, 0);

INSERT INTO KHUNG_GIO (MAKG, TEN_KHUNG, GIO_BAT_DAU, GIO_KET_THUC, CREATED_AT, IS_DELETED)
VALUES ('KG002', 'Chieu', 12, 18, SYSDATE - 12, 0);

INSERT INTO KHUNG_GIO (MAKG, TEN_KHUNG, GIO_BAT_DAU, GIO_KET_THUC, CREATED_AT, IS_DELETED)
VALUES ('KG003', 'Toi', 18, 22, SYSDATE - 12, 0);

INSERT INTO BANG_GIA (MABG, MAKG, MAKV, GIA, CREATED_AT, IS_DELETED)
VALUES ('BG001', 'KG001', 'KV001', 250000, SYSDATE - 11, 0);

INSERT INTO BANG_GIA (MABG, MAKG, MAKV, GIA, CREATED_AT, IS_DELETED)
VALUES ('BG002', 'KG002', 'KV001', 350000, SYSDATE - 11, 0);

INSERT INTO BANG_GIA (MABG, MAKG, MAKV, GIA, CREATED_AT, IS_DELETED)
VALUES ('BG003', 'KG003', 'KV001', 450000, SYSDATE - 11, 0);

INSERT INTO BANG_GIA (MABG, MAKG, MAKV, GIA, CREATED_AT, IS_DELETED)
VALUES ('BG004', 'KG001', 'KV002', 80000, SYSDATE - 11, 0);

INSERT INTO BANG_GIA (MABG, MAKG, MAKV, GIA, CREATED_AT, IS_DELETED)
VALUES ('BG005', 'KG002', 'KV004', 150000, SYSDATE - 11, 0);

INSERT INTO BANG_GIA (MABG, MAKG, MAKV, GIA, CREATED_AT, IS_DELETED)
VALUES ('BG006', 'KG003', 'KV006', 120000, SYSDATE - 11, 0);

-- =========================================================
-- 7. DỮ LIỆU KHO / DỊCH VỤ
-- =========================================================
INSERT INTO SAN_PHAM (MASP, TENSP, DVT, GIA, SL_TON, CREATED_AT, IS_DELETED)
VALUES ('SP001', 'Nuoc suoi', 'Chai', 10000, 250, SYSDATE - 10, 0);

INSERT INTO SAN_PHAM (MASP, TENSP, DVT, GIA, SL_TON, CREATED_AT, IS_DELETED)
VALUES ('SP002', 'Khan lanh', 'Cai', 5000, 180, SYSDATE - 10, 0);

INSERT INTO SAN_PHAM (MASP, TENSP, DVT, GIA, SL_TON, CREATED_AT, IS_DELETED)
VALUES ('SP003', 'Banh nang luong', 'Thanh', 15000, 120, SYSDATE - 10, 0);

INSERT INTO DUNG_CU_THE_THAO (MADC, TENDC, DVT, GIA, SL_TON, CREATED_AT, IS_DELETED)
VALUES ('DC001', 'Vot cau long', 'Cay', 200000, 30, SYSDATE - 10, 0);

INSERT INTO DUNG_CU_THE_THAO (MADC, TENDC, DVT, GIA, SL_TON, CREATED_AT, IS_DELETED)
VALUES ('DC002', 'Bong da', 'Qua', 250000, 25, SYSDATE - 10, 0);

INSERT INTO DUNG_CU_THE_THAO (MADC, TENDC, DVT, GIA, SL_TON, CREATED_AT, IS_DELETED)
VALUES ('DC003', 'Banh pickleball', 'Hop', 180000, 15, SYSDATE - 10, 0);

-- =========================================================
-- 8. DỮ LIỆU NHÀ CUNG CẤP / NHẬP HÀNG
-- =========================================================
INSERT INTO NHA_CUNG_CAP (MANCC, TENNCC, SDT, EMAIL, WEBSITE, DIACHI, CREATED_AT, IS_DELETED)
VALUES ('NCC001', 'Cong ty The Thao Sai Gon', '0944444444', 'contact@ttsg.vn', 'https://ttsg.vn', 'Quan 7, TP.HCM', SYSDATE - 9, 0);

INSERT INTO NHA_CUNG_CAP (MANCC, TENNCC, SDT, EMAIL, WEBSITE, DIACHI, CREATED_AT, IS_DELETED)
VALUES ('NCC002', 'Da Nang Sport Supply', '0955555555', 'sales@dnss.vn', 'https://dnss.vn', 'Hai Chau, Da Nang', SYSDATE - 9, 0);

INSERT INTO NHAP_HANG (MANH, MANCC, MANV, MACHUNGTU, TRI_GIA, CREATED_AT, IS_DELETED)
VALUES ('NH001', 'NCC001', 'NV001', 'CT001', 12500000, SYSDATE - 8, 0);

INSERT INTO NHAP_HANG (MANH, MANCC, MANV, MACHUNGTU, TRI_GIA, CREATED_AT, IS_DELETED)
VALUES ('NH002', 'NCC002', 'NV002', 'CT002', 7200000, SYSDATE - 7, 0);

INSERT INTO CHI_TIET_NHAP_HANG (MANH, MASP, SLTHEOCHUNGTU, SLTHUCNHAP, DONGIA, VAT, CREATED_AT, IS_DELETED)
VALUES ('NH001', 'SP001', 100, 100, 7000, 8, SYSDATE - 8, 0);

INSERT INTO CHI_TIET_NHAP_HANG (MANH, MASP, SLTHEOCHUNGTU, SLTHUCNHAP, DONGIA, VAT, CREATED_AT, IS_DELETED)
VALUES ('NH001', 'SP003', 50, 50, 10000, 8, SYSDATE - 8, 0);

INSERT INTO CHI_TIET_NHAP_DUNG_CU (MANH, MADC, SLTHEOCHUNGTU, SLTHUCNHAP, CKTM, DONGIA, CREATED_AT, IS_DELETED)
VALUES ('NH002', 'DC001', 10, 10, 5, 150000, SYSDATE - 7, 0);

INSERT INTO CHI_TIET_NHAP_DUNG_CU (MANH, MADC, SLTHEOCHUNGTU, SLTHUCNHAP, CKTM, DONGIA, CREATED_AT, IS_DELETED)
VALUES ('NH002', 'DC003', 8, 8, 0, 120000, SYSDATE - 7, 0);

-- =========================================================
-- 9. DỮ LIỆU OTP / TOKEN MẪU
-- =========================================================
INSERT INTO EMAIL_OTP (OTP_ID, EMAIL, OTP_CODE, PURPOSE, EXPIRED_AT, USED_AT, ATTEMPT_COUNT, CREATED_AT, IS_DELETED)
VALUES ('OTP001', 'bao.customer@sportcourt.vn', '123456', 'REGISTER', SYSDATE + 1, NULL, 0, SYSDATE - 1, 0);

INSERT INTO ACCOUNT_TOKEN (TOKEN_ID, ACCOUNT_ID, TOKEN_VALUE, EXPIRED_AT, ISSUED_AT, IS_REVOKED, CREATED_AT, IS_DELETED)
VALUES ('TOK001', 'ACC001', 'sample_token_admin_001', SYSDATE + 1, SYSDATE, 'NO', SYSDATE, 0);


COMMIT;
-- =========================================================
-- CẬP NHẬT DỮ LIỆU SAN_CON (Đảm bảo khớp với SO_LUONG_SAN của KHU_VUC)
-- =========================================================
-- KV001 (Bóng đá - CN1): 4 sân
INSERT INTO SAN_CON (MASAN, MAKV, TRANGTHAI, CREATED_AT, IS_DELETED) VALUES ('S001', 'KV001', 'ĐANG HOẠT ĐỘNG', SYSDATE, 0);
INSERT INTO SAN_CON (MASAN, MAKV, TRANGTHAI, CREATED_AT, IS_DELETED) VALUES ('S002', 'KV001', 'ĐANG HOẠT ĐỘNG', SYSDATE, 0);
INSERT INTO SAN_CON (MASAN, MAKV, TRANGTHAI, CREATED_AT, IS_DELETED) VALUES ('S003', 'KV001', 'ĐANG HOẠT ĐỘNG', SYSDATE, 0);
INSERT INTO SAN_CON (MASAN, MAKV, TRANGTHAI, CREATED_AT, IS_DELETED) VALUES ('S004', 'KV001', 'BẢO TRÌ', SYSDATE, 0);

-- KV002 (Cầu lông - CN1): 6 sân
INSERT INTO SAN_CON (MASAN, MAKV, TRANGTHAI, CREATED_AT, IS_DELETED) VALUES ('S005', 'KV002', 'ĐANG HOẠT ĐỘNG', SYSDATE, 0);
INSERT INTO SAN_CON (MASAN, MAKV, TRANGTHAI, CREATED_AT, IS_DELETED) VALUES ('S006', 'KV002', 'ĐANG HOẠT ĐỘNG', SYSDATE, 0);
INSERT INTO SAN_CON (MASAN, MAKV, TRANGTHAI, CREATED_AT, IS_DELETED) VALUES ('S007', 'KV002', 'ĐANG HOẠT ĐỘNG', SYSDATE, 0);
INSERT INTO SAN_CON (MASAN, MAKV, TRANGTHAI, CREATED_AT, IS_DELETED) VALUES ('S008', 'KV002', 'ĐANG HOẠT ĐỘNG', SYSDATE, 0);
INSERT INTO SAN_CON (MASAN, MAKV, TRANGTHAI, CREATED_AT, IS_DELETED) VALUES ('S009', 'KV002', 'ĐANG HOẠT ĐỘNG', SYSDATE, 0);
INSERT INTO SAN_CON (MASAN, MAKV, TRANGTHAI, CREATED_AT, IS_DELETED) VALUES ('S010', 'KV002', 'ĐANG HOẠT ĐỘNG', SYSDATE, 0);

-- KV003 (Bóng đá - CN2): 3 sân
INSERT INTO SAN_CON (MASAN, MAKV, TRANGTHAI, CREATED_AT, IS_DELETED) VALUES ('S011', 'KV003', 'ĐANG HOẠT ĐỘNG', SYSDATE, 0);
INSERT INTO SAN_CON (MASAN, MAKV, TRANGTHAI, CREATED_AT, IS_DELETED) VALUES ('S012', 'KV003', 'ĐANG HOẠT ĐỘNG', SYSDATE, 0);
INSERT INTO SAN_CON (MASAN, MAKV, TRANGTHAI, CREATED_AT, IS_DELETED) VALUES ('S013', 'KV003', 'ĐANG HOẠT ĐỘNG', SYSDATE, 0);

-- KV004 (Pickleball - CN2): 5 sân
INSERT INTO SAN_CON (MASAN, MAKV, TRANGTHAI, CREATED_AT, IS_DELETED) VALUES ('S014', 'KV004', 'ĐANG HOẠT ĐỘNG', SYSDATE, 0);
INSERT INTO SAN_CON (MASAN, MAKV, TRANGTHAI, CREATED_AT, IS_DELETED) VALUES ('S015', 'KV004', 'ĐANG HOẠT ĐỘNG', SYSDATE, 0);
INSERT INTO SAN_CON (MASAN, MAKV, TRANGTHAI, CREATED_AT, IS_DELETED) VALUES ('S016', 'KV004', 'ĐANG HOẠT ĐỘNG', SYSDATE, 0);
INSERT INTO SAN_CON (MASAN, MAKV, TRANGTHAI, CREATED_AT, IS_DELETED) VALUES ('S017', 'KV004', 'ĐANG HOẠT ĐỘNG', SYSDATE, 0);
INSERT INTO SAN_CON (MASAN, MAKV, TRANGTHAI, CREATED_AT, IS_DELETED) VALUES ('S018', 'KV004', 'ĐANG HOẠT ĐỘNG', SYSDATE, 0);

-- KV005 (Bóng rổ - CN3): 2 sân
INSERT INTO SAN_CON (MASAN, MAKV, TRANGTHAI, CREATED_AT, IS_DELETED) VALUES ('S019', 'KV005', 'ĐANG HOẠT ĐỘNG', SYSDATE, 0);
INSERT INTO SAN_CON (MASAN, MAKV, TRANGTHAI, CREATED_AT, IS_DELETED) VALUES ('S020', 'KV005', 'ĐANG HOẠT ĐỘNG', SYSDATE, 0);

-- KV006 (Cầu lông - CN3): 4 sân
INSERT INTO SAN_CON (MASAN, MAKV, TRANGTHAI, CREATED_AT, IS_DELETED) VALUES ('S021', 'KV006', 'ĐANG HOẠT ĐỘNG', SYSDATE, 0);
INSERT INTO SAN_CON (MASAN, MAKV, TRANGTHAI, CREATED_AT, IS_DELETED) VALUES ('S022', 'KV006', 'ĐANG HOẠT ĐỘNG', SYSDATE, 0);
INSERT INTO SAN_CON (MASAN, MAKV, TRANGTHAI, CREATED_AT, IS_DELETED) VALUES ('S023', 'KV006', 'ĐANG HOẠT ĐỘNG', SYSDATE, 0);
INSERT INTO SAN_CON (MASAN, MAKV, TRANGTHAI, CREATED_AT, IS_DELETED) VALUES ('S024', 'KV006', 'ĐANG HOẠT ĐỘNG', SYSDATE, 0);

-- =========================================================
-- BỔ SUNG DỮ LIỆU GIAO DỊCH (HOA_DON & CHI TIET)
-- =========================================================

-- Hóa đơn 1: Khách KH001 thuê sân bóng đá
INSERT INTO HOA_DON (MAHD, MAKH, MANV, TIEN_COC, GIAMGIA, TONGGIATRI, TRANGTHAI, TONGTIEN, CREATED_AT, IS_DELETED)
VALUES ('HD001', 'KH001', 'NV001', 100000, 0, 350000, 'ĐÃ THANH TOÁN', 350000, SYSDATE - 1, 0);

INSERT INTO CHI_TIET_HOA_DON_THUE_SAN (MAHD, MASAN, MAKG, NGAYTHUE, TRANGTHAI, CREATED_AT, IS_DELETED)
VALUES ('HD001', 'S001', 'KG002', TRUNC(SYSDATE - 1), 'ĐÃ HOÀN THÀNH', SYSDATE - 1, 0);

-- Hóa đơn 2: Khách KH002 thuê sân và mua nước
INSERT INTO HOA_DON (MAHD, MAKH, MANV, TIEN_COC, GIAMGIA, TONGGIATRI, TRANGTHAI, TONGTIEN, CREATED_AT, IS_DELETED)
VALUES ('HD002', 'KH002', 'NV001', 50000, 5, 200000, 'CHƯA THANH TOÁN', 190000, SYSDATE, 0);

INSERT INTO CHI_TIET_HOA_DON_THUE_SAN (MAHD, MASAN, MAKG, NGAYTHUE, TRANGTHAI, CREATED_AT, IS_DELETED)
VALUES ('HD002', 'S014', 'KG002', TRUNC(SYSDATE), 'ĐANG SỬ DỤNG', SYSDATE, 0);

-- Sử dụng dịch vụ (Sản phẩm)
INSERT INTO CHI_TIET_HOA_DON_DICH_VU_DA_DUNG (MAHD, MASP, MADC, SL, TRANGTHAI, CREATED_AT, IS_DELETED)
VALUES ('HD002', 'SP001', NULL, 2, 'ĐANG SỬ DỤNG', SYSDATE, 0);

-- Sử dụng dịch vụ (Dụng cụ - Thuê vợt)
INSERT INTO CHI_TIET_HOA_DON_DICH_VU_DA_DUNG (MAHD, MASP, MADC, SL, TRANGTHAI, CREATED_AT, IS_DELETED)
VALUES ('HD002', NULL, 'DC001', 1, 'ĐANG SỬ DỤNG', SYSDATE, 0);

COMMIT;