-- ============================================================
-- SEED DATA: DOANH_THU – dữ liệu mẫu 60 ngày (kỳ này + kỳ trước)
-- Yêu cầu: CHI_NHANH CN-1..CN-10 phải tồn tại
-- IDs: DT-11 đến DT-101 (DT-1..DT-10 đã có trong SEED.SQL)
-- Ngày gốc: 2026-05-14 (hôm nay khi viết script)
-- ============================================================

-- [Tuỳ chọn] Xoá dữ liệu cũ trước khi chạy lại:
-- DELETE FROM DOANH_THU WHERE REGEXP_LIKE(MADT, '^DT-[0-9]+$');
-- COMMIT;

-- ============================================================
-- KỲ TRƯỚC: 2026-03-16 → 2026-04-14  (để biểu đồ có cột so sánh)
-- ============================================================

-- CN-1 Quận 1
INSERT INTO DOANH_THU (MADT,MACN,NOIDUNG,NGAY,TONGDOANHTHU,CREATED_AT,IS_DELETED) VALUES ('DT-11','CN-1','Doanh thu đặt sân bóng đá tuần 1 tháng 3',DATE '2026-03-17',28500000,SYSDATE,0);
INSERT INTO DOANH_THU (MADT,MACN,NOIDUNG,NGAY,TONGDOANHTHU,CREATED_AT,IS_DELETED) VALUES ('DT-12','CN-1','Doanh thu đặt sân cầu lông + pickleball tuần 2',DATE '2026-03-24',32000000,SYSDATE,0);
INSERT INTO DOANH_THU (MADT,MACN,NOIDUNG,NGAY,TONGDOANHTHU,CREATED_AT,IS_DELETED) VALUES ('DT-13','CN-1','Thu tiền dịch vụ bổ sung tháng 3',DATE '2026-03-31',9800000,SYSDATE,0);
INSERT INTO DOANH_THU (MADT,MACN,NOIDUNG,NGAY,TONGDOANHTHU,CREATED_AT,IS_DELETED) VALUES ('DT-14','CN-1','Doanh thu đặt sân tuần 1 tháng 4',DATE '2026-04-07',41200000,SYSDATE,0);

-- CN-2 Quận 3
INSERT INTO DOANH_THU (MADT,MACN,NOIDUNG,NGAY,TONGDOANHTHU,CREATED_AT,IS_DELETED) VALUES ('DT-15','CN-2','Doanh thu đặt sân bóng rổ tuần 1 tháng 3',DATE '2026-03-18',22400000,SYSDATE,0);
INSERT INTO DOANH_THU (MADT,MACN,NOIDUNG,NGAY,TONGDOANHTHU,CREATED_AT,IS_DELETED) VALUES ('DT-16','CN-2','Thu tiền thuê sân cuối tuần tháng 3',DATE '2026-03-28',35600000,SYSDATE,0);
INSERT INTO DOANH_THU (MADT,MACN,NOIDUNG,NGAY,TONGDOANHTHU,CREATED_AT,IS_DELETED) VALUES ('DT-17','CN-2','Doanh thu đặt sân cầu lông tuần 2 tháng 4',DATE '2026-04-08',19800000,SYSDATE,0);
INSERT INTO DOANH_THU (MADT,MACN,NOIDUNG,NGAY,TONGDOANHTHU,CREATED_AT,IS_DELETED) VALUES ('DT-18','CN-2','Thu tiền đặt sân ngày thường tháng 4',DATE '2026-04-13',14500000,SYSDATE,0);

-- CN-3 Bình Thạnh
INSERT INTO DOANH_THU (MADT,MACN,NOIDUNG,NGAY,TONGDOANHTHU,CREATED_AT,IS_DELETED) VALUES ('DT-19','CN-3','Doanh thu đặt sân tuần 1 tháng 3',DATE '2026-03-19',17200000,SYSDATE,0);
INSERT INTO DOANH_THU (MADT,MACN,NOIDUNG,NGAY,TONGDOANHTHU,CREATED_AT,IS_DELETED) VALUES ('DT-20','CN-3','Thu tiền thuê sân bóng đá cuối tuần',DATE '2026-03-29',24800000,SYSDATE,0);
INSERT INTO DOANH_THU (MADT,MACN,NOIDUNG,NGAY,TONGDOANHTHU,CREATED_AT,IS_DELETED) VALUES ('DT-21','CN-3','Doanh thu dịch vụ cho thuê dụng cụ',DATE '2026-04-05',6300000,SYSDATE,0);
INSERT INTO DOANH_THU (MADT,MACN,NOIDUNG,NGAY,TONGDOANHTHU,CREATED_AT,IS_DELETED) VALUES ('DT-22','CN-3','Thu tiền đặt sân tuần 2 tháng 4',DATE '2026-04-12',21000000,SYSDATE,0);

-- CN-4 Gò Vấp
INSERT INTO DOANH_THU (MADT,MACN,NOIDUNG,NGAY,TONGDOANHTHU,CREATED_AT,IS_DELETED) VALUES ('DT-23','CN-4','Doanh thu đặt sân bóng đá phủi tháng 3',DATE '2026-03-20',15600000,SYSDATE,0);
INSERT INTO DOANH_THU (MADT,MACN,NOIDUNG,NGAY,TONGDOANHTHU,CREATED_AT,IS_DELETED) VALUES ('DT-24','CN-4','Thu tiền sân cầu lông + bóng bàn tuần 3',DATE '2026-03-27',12400000,SYSDATE,0);
INSERT INTO DOANH_THU (MADT,MACN,NOIDUNG,NGAY,TONGDOANHTHU,CREATED_AT,IS_DELETED) VALUES ('DT-25','CN-4','Doanh thu đặt sân tuần 1 tháng 4',DATE '2026-04-03',18900000,SYSDATE,0);
INSERT INTO DOANH_THU (MADT,MACN,NOIDUNG,NGAY,TONGDOANHTHU,CREATED_AT,IS_DELETED) VALUES ('DT-26','CN-4','Thu tiền gói tháng khách VIP tháng 4',DATE '2026-04-11',29500000,SYSDATE,0);

-- CN-5 Tân Bình
INSERT INTO DOANH_THU (MADT,MACN,NOIDUNG,NGAY,TONGDOANHTHU,CREATED_AT,IS_DELETED) VALUES ('DT-27','CN-5','Doanh thu đặt sân pickleball tuần 2 tháng 3',DATE '2026-03-21',16800000,SYSDATE,0);
INSERT INTO DOANH_THU (MADT,MACN,NOIDUNG,NGAY,TONGDOANHTHU,CREATED_AT,IS_DELETED) VALUES ('DT-28','CN-5','Thu tiền đặt sân cuối tuần tháng 3',DATE '2026-03-30',23500000,SYSDATE,0);
INSERT INTO DOANH_THU (MADT,MACN,NOIDUNG,NGAY,TONGDOANHTHU,CREATED_AT,IS_DELETED) VALUES ('DT-29','CN-5','Doanh thu đặt sân cầu lông tuần 1 tháng 4',DATE '2026-04-06',14200000,SYSDATE,0);
INSERT INTO DOANH_THU (MADT,MACN,NOIDUNG,NGAY,TONGDOANHTHU,CREATED_AT,IS_DELETED) VALUES ('DT-30','CN-5','Thu tiền thuê sân ngày thường tháng 4',DATE '2026-04-14',11700000,SYSDATE,0);

-- CN-6 Thủ Đức
INSERT INTO DOANH_THU (MADT,MACN,NOIDUNG,NGAY,TONGDOANHTHU,CREATED_AT,IS_DELETED) VALUES ('DT-31','CN-6','Doanh thu đặt sân bóng đá mini tháng 3',DATE '2026-03-22',13500000,SYSDATE,0);
INSERT INTO DOANH_THU (MADT,MACN,NOIDUNG,NGAY,TONGDOANHTHU,CREATED_AT,IS_DELETED) VALUES ('DT-32','CN-6','Thu tiền đặt sân cầu lông tuần 3',DATE '2026-03-26',9800000,SYSDATE,0);
INSERT INTO DOANH_THU (MADT,MACN,NOIDUNG,NGAY,TONGDOANHTHU,CREATED_AT,IS_DELETED) VALUES ('DT-33','CN-6','Doanh thu tháng 4 tuần 1 toàn khu vực',DATE '2026-04-04',22100000,SYSDATE,0);
INSERT INTO DOANH_THU (MADT,MACN,NOIDUNG,NGAY,TONGDOANHTHU,CREATED_AT,IS_DELETED) VALUES ('DT-34','CN-6','Thu tiền gói sân tháng học sinh sinh viên',DATE '2026-04-10',17400000,SYSDATE,0);

-- CN-7 Quận 7
INSERT INTO DOANH_THU (MADT,MACN,NOIDUNG,NGAY,TONGDOANHTHU,CREATED_AT,IS_DELETED) VALUES ('DT-35','CN-7','Doanh thu đặt sân bóng đá 7 người tuần 2',DATE '2026-03-23',26800000,SYSDATE,0);
INSERT INTO DOANH_THU (MADT,MACN,NOIDUNG,NGAY,TONGDOANHTHU,CREATED_AT,IS_DELETED) VALUES ('DT-36','CN-7','Thu tiền sân tennis + cầu lông tháng 3',DATE '2026-03-31',38200000,SYSDATE,0);
INSERT INTO DOANH_THU (MADT,MACN,NOIDUNG,NGAY,TONGDOANHTHU,CREATED_AT,IS_DELETED) VALUES ('DT-37','CN-7','Doanh thu đặt sân tháng 4 tuần 1',DATE '2026-04-07',31500000,SYSDATE,0);
INSERT INTO DOANH_THU (MADT,MACN,NOIDUNG,NGAY,TONGDOANHTHU,CREATED_AT,IS_DELETED) VALUES ('DT-38','CN-7','Thu tiền gói VIP cuối tuần tháng 4',DATE '2026-04-13',44600000,SYSDATE,0);

-- CN-8 Phú Nhuận
INSERT INTO DOANH_THU (MADT,MACN,NOIDUNG,NGAY,TONGDOANHTHU,CREATED_AT,IS_DELETED) VALUES ('DT-39','CN-8','Doanh thu đặt sân cầu lông tuần 2 tháng 3',DATE '2026-03-25',21300000,SYSDATE,0);
INSERT INTO DOANH_THU (MADT,MACN,NOIDUNG,NGAY,TONGDOANHTHU,CREATED_AT,IS_DELETED) VALUES ('DT-40','CN-8','Thu tiền sân bóng đá mini cuối tuần',DATE '2026-04-01',29700000,SYSDATE,0);
INSERT INTO DOANH_THU (MADT,MACN,NOIDUNG,NGAY,TONGDOANHTHU,CREATED_AT,IS_DELETED) VALUES ('DT-41','CN-8','Doanh thu đặt sân tháng 4 tuần 2',DATE '2026-04-09',18600000,SYSDATE,0);
INSERT INTO DOANH_THU (MADT,MACN,NOIDUNG,NGAY,TONGDOANHTHU,CREATED_AT,IS_DELETED) VALUES ('DT-42','CN-8','Thu tiền gói tháng khách hàng thân thiết',DATE '2026-04-14',35100000,SYSDATE,0);

-- CN-9 Bình Tân
INSERT INTO DOANH_THU (MADT,MACN,NOIDUNG,NGAY,TONGDOANHTHU,CREATED_AT,IS_DELETED) VALUES ('DT-43','CN-9','Doanh thu đặt sân bóng đá tháng 3 tuần 3',DATE '2026-03-20',11200000,SYSDATE,0);
INSERT INTO DOANH_THU (MADT,MACN,NOIDUNG,NGAY,TONGDOANHTHU,CREATED_AT,IS_DELETED) VALUES ('DT-44','CN-9','Thu tiền sân cầu lông cuối tuần tháng 3',DATE '2026-03-28',15800000,SYSDATE,0);
INSERT INTO DOANH_THU (MADT,MACN,NOIDUNG,NGAY,TONGDOANHTHU,CREATED_AT,IS_DELETED) VALUES ('DT-45','CN-9','Doanh thu đặt sân tháng 4 tuần 1',DATE '2026-04-05',13600000,SYSDATE,0);
INSERT INTO DOANH_THU (MADT,MACN,NOIDUNG,NGAY,TONGDOANHTHU,CREATED_AT,IS_DELETED) VALUES ('DT-46','CN-9','Thu tiền thuê sân ngày thường tháng 4',DATE '2026-04-12',10100000,SYSDATE,0);

-- CN-10 Nhà Bè
INSERT INTO DOANH_THU (MADT,MACN,NOIDUNG,NGAY,TONGDOANHTHU,CREATED_AT,IS_DELETED) VALUES ('DT-47','CN-10','Doanh thu đặt sân bóng đá tháng 3',DATE '2026-03-22',8900000,SYSDATE,0);
INSERT INTO DOANH_THU (MADT,MACN,NOIDUNG,NGAY,TONGDOANHTHU,CREATED_AT,IS_DELETED) VALUES ('DT-48','CN-10','Thu tiền sân cầu lông tháng 3 cuối tháng',DATE '2026-03-29',12300000,SYSDATE,0);
INSERT INTO DOANH_THU (MADT,MACN,NOIDUNG,NGAY,TONGDOANHTHU,CREATED_AT,IS_DELETED) VALUES ('DT-49','CN-10','Doanh thu đặt sân tháng 4 tuần 1',DATE '2026-04-06',9700000,SYSDATE,0);
INSERT INTO DOANH_THU (MADT,MACN,NOIDUNG,NGAY,TONGDOANHTHU,CREATED_AT,IS_DELETED) VALUES ('DT-50','CN-10','Thu tiền gói tuần học sinh cuối tuần',DATE '2026-04-13',7500000,SYSDATE,0);

-- ============================================================
-- KỲ NÀY: 2026-04-15 → 2026-05-14  (hiển thị trong bộ lọc mặc định 30 ngày)
-- ============================================================

-- CN-1 Quận 1
INSERT INTO DOANH_THU (MADT,MACN,NOIDUNG,NGAY,TONGDOANHTHU,CREATED_AT,IS_DELETED) VALUES ('DT-51','CN-1','Doanh thu đặt sân tháng 4 tuần 3',DATE '2026-04-16',36500000,SYSDATE,0);
INSERT INTO DOANH_THU (MADT,MACN,NOIDUNG,NGAY,TONGDOANHTHU,CREATED_AT,IS_DELETED) VALUES ('DT-52','CN-1','Thu tiền sân cầu lông + pickleball cuối tuần',DATE '2026-04-20',22800000,SYSDATE,0);
INSERT INTO DOANH_THU (MADT,MACN,NOIDUNG,NGAY,TONGDOANHTHU,CREATED_AT,IS_DELETED) VALUES ('DT-53','CN-1','Doanh thu đặt sân bóng đá tháng 4 tuần 4',DATE '2026-04-27',45100000,SYSDATE,0);
INSERT INTO DOANH_THU (MADT,MACN,NOIDUNG,NGAY,TONGDOANHTHU,CREATED_AT,IS_DELETED) VALUES ('DT-54','CN-1','Thu tiền gói VIP tháng 5 tuần 1',DATE '2026-05-04',38700000,SYSDATE,0);
INSERT INTO DOANH_THU (MADT,MACN,NOIDUNG,NGAY,TONGDOANHTHU,CREATED_AT,IS_DELETED) VALUES ('DT-55','CN-1','Doanh thu tổng hợp tháng 5 tuần 2',DATE '2026-05-11',51200000,SYSDATE,0);

-- CN-2 Quận 3
INSERT INTO DOANH_THU (MADT,MACN,NOIDUNG,NGAY,TONGDOANHTHU,CREATED_AT,IS_DELETED) VALUES ('DT-56','CN-2','Doanh thu đặt sân bóng rổ tháng 4 tuần 3',DATE '2026-04-17',27600000,SYSDATE,0);
INSERT INTO DOANH_THU (MADT,MACN,NOIDUNG,NGAY,TONGDOANHTHU,CREATED_AT,IS_DELETED) VALUES ('DT-57','CN-2','Thu tiền sân cầu lông cuối tuần tháng 4',DATE '2026-04-26',33400000,SYSDATE,0);
INSERT INTO DOANH_THU (MADT,MACN,NOIDUNG,NGAY,TONGDOANHTHU,CREATED_AT,IS_DELETED) VALUES ('DT-58','CN-2','Doanh thu đặt sân tháng 5 tuần 1',DATE '2026-05-03',24900000,SYSDATE,0);
INSERT INTO DOANH_THU (MADT,MACN,NOIDUNG,NGAY,TONGDOANHTHU,CREATED_AT,IS_DELETED) VALUES ('DT-59','CN-2','Thu tiền gói sân ngày thường tháng 5',DATE '2026-05-08',18300000,SYSDATE,0);
INSERT INTO DOANH_THU (MADT,MACN,NOIDUNG,NGAY,TONGDOANHTHU,CREATED_AT,IS_DELETED) VALUES ('DT-60','CN-2','Doanh thu đặt sân tháng 5 tuần 2',DATE '2026-05-12',39800000,SYSDATE,0);

-- CN-3 Bình Thạnh
INSERT INTO DOANH_THU (MADT,MACN,NOIDUNG,NGAY,TONGDOANHTHU,CREATED_AT,IS_DELETED) VALUES ('DT-61','CN-3','Doanh thu đặt sân tuần 3 tháng 4',DATE '2026-04-18',19500000,SYSDATE,0);
INSERT INTO DOANH_THU (MADT,MACN,NOIDUNG,NGAY,TONGDOANHTHU,CREATED_AT,IS_DELETED) VALUES ('DT-62','CN-3','Thu tiền sân bóng đá cuối tuần tháng 4',DATE '2026-04-25',28700000,SYSDATE,0);
INSERT INTO DOANH_THU (MADT,MACN,NOIDUNG,NGAY,TONGDOANHTHU,CREATED_AT,IS_DELETED) VALUES ('DT-63','CN-3','Doanh thu đặt sân + dịch vụ tháng 5 tuần 1',DATE '2026-05-02',22100000,SYSDATE,0);
INSERT INTO DOANH_THU (MADT,MACN,NOIDUNG,NGAY,TONGDOANHTHU,CREATED_AT,IS_DELETED) VALUES ('DT-64','CN-3','Thu tiền thuê sân cầu lông tháng 5 tuần 2',DATE '2026-05-09',16800000,SYSDATE,0);

-- CN-4 Gò Vấp
INSERT INTO DOANH_THU (MADT,MACN,NOIDUNG,NGAY,TONGDOANHTHU,CREATED_AT,IS_DELETED) VALUES ('DT-65','CN-4','Doanh thu đặt sân bóng đá phủi tháng 4 tuần 3',DATE '2026-04-19',21200000,SYSDATE,0);
INSERT INTO DOANH_THU (MADT,MACN,NOIDUNG,NGAY,TONGDOANHTHU,CREATED_AT,IS_DELETED) VALUES ('DT-66','CN-4','Thu tiền gói sân tháng 4 cuối tháng',DATE '2026-04-28',17500000,SYSDATE,0);
INSERT INTO DOANH_THU (MADT,MACN,NOIDUNG,NGAY,TONGDOANHTHU,CREATED_AT,IS_DELETED) VALUES ('DT-67','CN-4','Doanh thu đặt sân tháng 5 tuần 1',DATE '2026-05-05',26400000,SYSDATE,0);
INSERT INTO DOANH_THU (MADT,MACN,NOIDUNG,NGAY,TONGDOANHTHU,CREATED_AT,IS_DELETED) VALUES ('DT-68','CN-4','Thu tiền đặt sân cầu lông tháng 5 tuần 2',DATE '2026-05-13',19900000,SYSDATE,0);

-- CN-5 Tân Bình
INSERT INTO DOANH_THU (MADT,MACN,NOIDUNG,NGAY,TONGDOANHTHU,CREATED_AT,IS_DELETED) VALUES ('DT-69','CN-5','Doanh thu đặt sân pickleball tháng 4 tuần 3',DATE '2026-04-21',18700000,SYSDATE,0);
INSERT INTO DOANH_THU (MADT,MACN,NOIDUNG,NGAY,TONGDOANHTHU,CREATED_AT,IS_DELETED) VALUES ('DT-70','CN-5','Thu tiền sân bóng đá cuối tuần tháng 4',DATE '2026-04-27',24300000,SYSDATE,0);
INSERT INTO DOANH_THU (MADT,MACN,NOIDUNG,NGAY,TONGDOANHTHU,CREATED_AT,IS_DELETED) VALUES ('DT-71','CN-5','Doanh thu đặt sân cầu lông tháng 5 tuần 1',DATE '2026-05-06',16100000,SYSDATE,0);
INSERT INTO DOANH_THU (MADT,MACN,NOIDUNG,NGAY,TONGDOANHTHU,CREATED_AT,IS_DELETED) VALUES ('DT-72','CN-5','Thu tiền gói ngày thường tháng 5 tuần 2',DATE '2026-05-12',20800000,SYSDATE,0);

-- CN-6 Thủ Đức
INSERT INTO DOANH_THU (MADT,MACN,NOIDUNG,NGAY,TONGDOANHTHU,CREATED_AT,IS_DELETED) VALUES ('DT-73','CN-6','Doanh thu đặt sân toàn khu vực tháng 4 tuần 3',DATE '2026-04-22',24500000,SYSDATE,0);
INSERT INTO DOANH_THU (MADT,MACN,NOIDUNG,NGAY,TONGDOANHTHU,CREATED_AT,IS_DELETED) VALUES ('DT-74','CN-6','Thu tiền đặt sân bóng đá cuối tuần tháng 4',DATE '2026-04-29',19800000,SYSDATE,0);
INSERT INTO DOANH_THU (MADT,MACN,NOIDUNG,NGAY,TONGDOANHTHU,CREATED_AT,IS_DELETED) VALUES ('DT-75','CN-6','Doanh thu đặt sân học sinh sinh viên tháng 5',DATE '2026-05-03',14600000,SYSDATE,0);
INSERT INTO DOANH_THU (MADT,MACN,NOIDUNG,NGAY,TONGDOANHTHU,CREATED_AT,IS_DELETED) VALUES ('DT-76','CN-6','Thu tiền đặt sân cầu lông tháng 5 tuần 2',DATE '2026-05-10',21300000,SYSDATE,0);

-- CN-7 Quận 7
INSERT INTO DOANH_THU (MADT,MACN,NOIDUNG,NGAY,TONGDOANHTHU,CREATED_AT,IS_DELETED) VALUES ('DT-77','CN-7','Doanh thu đặt sân bóng đá 7 người tháng 4 tuần 3',DATE '2026-04-16',34200000,SYSDATE,0);
INSERT INTO DOANH_THU (MADT,MACN,NOIDUNG,NGAY,TONGDOANHTHU,CREATED_AT,IS_DELETED) VALUES ('DT-78','CN-7','Thu tiền sân tennis + cầu lông cuối tuần tháng 4',DATE '2026-04-26',48600000,SYSDATE,0);
INSERT INTO DOANH_THU (MADT,MACN,NOIDUNG,NGAY,TONGDOANHTHU,CREATED_AT,IS_DELETED) VALUES ('DT-79','CN-7','Doanh thu gói VIP tháng 5 tuần 1',DATE '2026-05-04',52300000,SYSDATE,0);
INSERT INTO DOANH_THU (MADT,MACN,NOIDUNG,NGAY,TONGDOANHTHU,CREATED_AT,IS_DELETED) VALUES ('DT-80','CN-7','Thu tiền đặt sân tổng hợp tháng 5 tuần 2',DATE '2026-05-11',41700000,SYSDATE,0);

-- CN-8 Phú Nhuận
INSERT INTO DOANH_THU (MADT,MACN,NOIDUNG,NGAY,TONGDOANHTHU,CREATED_AT,IS_DELETED) VALUES ('DT-81','CN-8','Doanh thu đặt sân cầu lông tháng 4 tuần 3',DATE '2026-04-17',26400000,SYSDATE,0);
INSERT INTO DOANH_THU (MADT,MACN,NOIDUNG,NGAY,TONGDOANHTHU,CREATED_AT,IS_DELETED) VALUES ('DT-82','CN-8','Thu tiền sân bóng đá mini cuối tuần tháng 4',DATE '2026-04-25',32100000,SYSDATE,0);
INSERT INTO DOANH_THU (MADT,MACN,NOIDUNG,NGAY,TONGDOANHTHU,CREATED_AT,IS_DELETED) VALUES ('DT-83','CN-8','Doanh thu gói khách hàng thân thiết tháng 5',DATE '2026-05-02',39500000,SYSDATE,0);
INSERT INTO DOANH_THU (MADT,MACN,NOIDUNG,NGAY,TONGDOANHTHU,CREATED_AT,IS_DELETED) VALUES ('DT-84','CN-8','Thu tiền đặt sân tổng hợp tháng 5 tuần 2',DATE '2026-05-09',28900000,SYSDATE,0);

-- CN-9 Bình Tân
INSERT INTO DOANH_THU (MADT,MACN,NOIDUNG,NGAY,TONGDOANHTHU,CREATED_AT,IS_DELETED) VALUES ('DT-85','CN-9','Doanh thu đặt sân bóng đá tháng 4 tuần 3',DATE '2026-04-20',13800000,SYSDATE,0);
INSERT INTO DOANH_THU (MADT,MACN,NOIDUNG,NGAY,TONGDOANHTHU,CREATED_AT,IS_DELETED) VALUES ('DT-86','CN-9','Thu tiền sân cầu lông cuối tuần tháng 4',DATE '2026-04-27',18200000,SYSDATE,0);
INSERT INTO DOANH_THU (MADT,MACN,NOIDUNG,NGAY,TONGDOANHTHU,CREATED_AT,IS_DELETED) VALUES ('DT-87','CN-9','Doanh thu đặt sân tháng 5 tuần 1',DATE '2026-05-04',15700000,SYSDATE,0);
INSERT INTO DOANH_THU (MADT,MACN,NOIDUNG,NGAY,TONGDOANHTHU,CREATED_AT,IS_DELETED) VALUES ('DT-88','CN-9','Thu tiền gói ngày thường tháng 5 tuần 2',DATE '2026-05-11',12400000,SYSDATE,0);

-- CN-10 Nhà Bè
INSERT INTO DOANH_THU (MADT,MACN,NOIDUNG,NGAY,TONGDOANHTHU,CREATED_AT,IS_DELETED) VALUES ('DT-89','CN-10','Doanh thu đặt sân bóng đá tháng 4 tuần 3',DATE '2026-04-18',10600000,SYSDATE,0);
INSERT INTO DOANH_THU (MADT,MACN,NOIDUNG,NGAY,TONGDOANHTHU,CREATED_AT,IS_DELETED) VALUES ('DT-90','CN-10','Thu tiền sân cầu lông cuối tuần tháng 4',DATE '2026-04-26',14100000,SYSDATE,0);
INSERT INTO DOANH_THU (MADT,MACN,NOIDUNG,NGAY,TONGDOANHTHU,CREATED_AT,IS_DELETED) VALUES ('DT-91','CN-10','Doanh thu đặt sân tháng 5 tuần 1',DATE '2026-05-03',11900000,SYSDATE,0);
INSERT INTO DOANH_THU (MADT,MACN,NOIDUNG,NGAY,TONGDOANHTHU,CREATED_AT,IS_DELETED) VALUES ('DT-92','CN-10','Thu tiền gói học sinh cuối tuần tháng 5',DATE '2026-05-10',8800000,SYSDATE,0);

-- ============================================================
-- BỔ SUNG: Dữ liệu rải đều theo ngày trong tuần (cho biểu đồ)
-- Tuần gần nhất: 2026-05-08 (T5) → 2026-05-14 (T4)
-- ============================================================

INSERT INTO DOANH_THU (MADT,MACN,NOIDUNG,NGAY,TONGDOANHTHU,CREATED_AT,IS_DELETED) VALUES ('DT-93', 'CN-1','Doanh thu ngày thứ 5 tuần này', DATE '2026-05-08',42300000,SYSDATE,0);
INSERT INTO DOANH_THU (MADT,MACN,NOIDUNG,NGAY,TONGDOANHTHU,CREATED_AT,IS_DELETED) VALUES ('DT-94', 'CN-2','Doanh thu ngày thứ 6 tuần này', DATE '2026-05-09',28100000,SYSDATE,0);
INSERT INTO DOANH_THU (MADT,MACN,NOIDUNG,NGAY,TONGDOANHTHU,CREATED_AT,IS_DELETED) VALUES ('DT-95', 'CN-7','Doanh thu ngày thứ 7 tuần này', DATE '2026-05-10',55400000,SYSDATE,0);
INSERT INTO DOANH_THU (MADT,MACN,NOIDUNG,NGAY,TONGDOANHTHU,CREATED_AT,IS_DELETED) VALUES ('DT-96', 'CN-3','Doanh thu ngày chủ nhật tuần này',DATE '2026-05-11',31700000,SYSDATE,0);
INSERT INTO DOANH_THU (MADT,MACN,NOIDUNG,NGAY,TONGDOANHTHU,CREATED_AT,IS_DELETED) VALUES ('DT-97', 'CN-5','Doanh thu ngày thứ 2 tuần này', DATE '2026-05-12',19500000,SYSDATE,0);
INSERT INTO DOANH_THU (MADT,MACN,NOIDUNG,NGAY,TONGDOANHTHU,CREATED_AT,IS_DELETED) VALUES ('DT-98', 'CN-8','Doanh thu ngày thứ 3 tuần này', DATE '2026-05-13',24800000,SYSDATE,0);
INSERT INTO DOANH_THU (MADT,MACN,NOIDUNG,NGAY,TONGDOANHTHU,CREATED_AT,IS_DELETED) VALUES ('DT-99', 'CN-4','Doanh thu ngày thứ 4 tuần này', DATE '2026-05-14',17200000,SYSDATE,0);
INSERT INTO DOANH_THU (MADT,MACN,NOIDUNG,NGAY,TONGDOANHTHU,CREATED_AT,IS_DELETED) VALUES ('DT-100','CN-6','Doanh thu ngày thứ 4 tuần này - CN6',DATE '2026-05-14',13600000,SYSDATE,0);
INSERT INTO DOANH_THU (MADT,MACN,NOIDUNG,NGAY,TONGDOANHTHU,CREATED_AT,IS_DELETED) VALUES ('DT-101','CN-9','Doanh thu ngày thứ 4 tuần này - CN9',DATE '2026-05-14',9300000,SYSDATE,0);

COMMIT;

-- ============================================================
-- HOA_DON + CHI TIẾT MẪU (50 hóa đơn ĐÃ THANH TOÁN)
-- Luồng: HOA_DON.MANV → NHAN_VIEN.MACN → CHI_NHANH
-- NV-i → CN-i (i = 1..10)
-- SC-i → KV-[A..J] → BG-i (giá/giờ xem BANG_GIA)
-- IDs: HD-11..60, CTS-1..50, CTDV-1..50
-- Chạy sau khi đã có: NV-1..10, KH-1..10, SC-1..10, BG-1..10, SP-1..10, DCTT-1..10
-- ============================================================

-- ── KỲ TRƯỚC: 2026-03-17 → 2026-04-10 ──────────────────────

-- Week 0: 2026-03-17 → 2026-03-26
INSERT INTO HOA_DON (MAHD,MAKH,MANV,TIEN_COC,GIAMGIA,TONGGIATRI,TRANGTHAI,TONGTIEN,CREATED_AT,IS_DELETED) VALUES ('HD-11','KH-1', 'NV-1', 0,0,140000,'ĐÃ THANH TOÁN',140000,DATE '2026-03-17',0);
INSERT INTO HOA_DON (MAHD,MAKH,MANV,TIEN_COC,GIAMGIA,TONGGIATRI,TRANGTHAI,TONGTIEN,CREATED_AT,IS_DELETED) VALUES ('HD-12','KH-2', 'NV-2', 0,0,140000,'ĐÃ THANH TOÁN',140000,DATE '2026-03-18',0);
INSERT INTO HOA_DON (MAHD,MAKH,MANV,TIEN_COC,GIAMGIA,TONGGIATRI,TRANGTHAI,TONGTIEN,CREATED_AT,IS_DELETED) VALUES ('HD-13','KH-3', 'NV-3', 0,0,118000,'ĐÃ THANH TOÁN',118000,DATE '2026-03-19',0);
INSERT INTO HOA_DON (MAHD,MAKH,MANV,TIEN_COC,GIAMGIA,TONGGIATRI,TRANGTHAI,TONGTIEN,CREATED_AT,IS_DELETED) VALUES ('HD-14','KH-4', 'NV-4', 0,0,250000,'ĐÃ THANH TOÁN',250000,DATE '2026-03-20',0);
INSERT INTO HOA_DON (MAHD,MAKH,MANV,TIEN_COC,GIAMGIA,TONGGIATRI,TRANGTHAI,TONGTIEN,CREATED_AT,IS_DELETED) VALUES ('HD-15','KH-5', 'NV-5', 0,0,345000,'ĐÃ THANH TOÁN',345000,DATE '2026-03-21',0);
INSERT INTO HOA_DON (MAHD,MAKH,MANV,TIEN_COC,GIAMGIA,TONGGIATRI,TRANGTHAI,TONGTIEN,CREATED_AT,IS_DELETED) VALUES ('HD-16','KH-6', 'NV-6', 0,0,310000,'ĐÃ THANH TOÁN',310000,DATE '2026-03-22',0);
INSERT INTO HOA_DON (MAHD,MAKH,MANV,TIEN_COC,GIAMGIA,TONGGIATRI,TRANGTHAI,TONGTIEN,CREATED_AT,IS_DELETED) VALUES ('HD-17','KH-7', 'NV-7', 0,0,135000,'ĐÃ THANH TOÁN',135000,DATE '2026-03-23',0);
INSERT INTO HOA_DON (MAHD,MAKH,MANV,TIEN_COC,GIAMGIA,TONGGIATRI,TRANGTHAI,TONGTIEN,CREATED_AT,IS_DELETED) VALUES ('HD-18','KH-8', 'NV-8', 0,0,135000,'ĐÃ THANH TOÁN',135000,DATE '2026-03-24',0);
INSERT INTO HOA_DON (MAHD,MAKH,MANV,TIEN_COC,GIAMGIA,TONGGIATRI,TRANGTHAI,TONGTIEN,CREATED_AT,IS_DELETED) VALUES ('HD-19','KH-9', 'NV-9', 0,0,280000,'ĐÃ THANH TOÁN',280000,DATE '2026-03-25',0);
INSERT INTO HOA_DON (MAHD,MAKH,MANV,TIEN_COC,GIAMGIA,TONGGIATRI,TRANGTHAI,TONGTIEN,CREATED_AT,IS_DELETED) VALUES ('HD-20','KH-10','NV-10',0,0,350000,'ĐÃ THANH TOÁN',350000,DATE '2026-03-26',0);

-- Week 1: 2026-03-31 → 2026-04-10
INSERT INTO HOA_DON (MAHD,MAKH,MANV,TIEN_COC,GIAMGIA,TONGGIATRI,TRANGTHAI,TONGTIEN,CREATED_AT,IS_DELETED) VALUES ('HD-21','KH-2', 'NV-1', 0,5,140000,'ĐÃ THANH TOÁN',133000,DATE '2026-03-31',0);
INSERT INTO HOA_DON (MAHD,MAKH,MANV,TIEN_COC,GIAMGIA,TONGGIATRI,TRANGTHAI,TONGTIEN,CREATED_AT,IS_DELETED) VALUES ('HD-22','KH-3', 'NV-2', 0,0,150000,'ĐÃ THANH TOÁN',150000,DATE '2026-04-01',0);
INSERT INTO HOA_DON (MAHD,MAKH,MANV,TIEN_COC,GIAMGIA,TONGGIATRI,TRANGTHAI,TONGTIEN,CREATED_AT,IS_DELETED) VALUES ('HD-23','KH-4', 'NV-3', 0,0,170000,'ĐÃ THANH TOÁN',170000,DATE '2026-04-02',0);
INSERT INTO HOA_DON (MAHD,MAKH,MANV,TIEN_COC,GIAMGIA,TONGGIATRI,TRANGTHAI,TONGTIEN,CREATED_AT,IS_DELETED) VALUES ('HD-24','KH-5', 'NV-4', 0,0,280000,'ĐÃ THANH TOÁN',280000,DATE '2026-04-03',0);
INSERT INTO HOA_DON (MAHD,MAKH,MANV,TIEN_COC,GIAMGIA,TONGGIATRI,TRANGTHAI,TONGTIEN,CREATED_AT,IS_DELETED) VALUES ('HD-25','KH-6', 'NV-5', 0,0,300000,'ĐÃ THANH TOÁN',300000,DATE '2026-04-04',0);
INSERT INTO HOA_DON (MAHD,MAKH,MANV,TIEN_COC,GIAMGIA,TONGGIATRI,TRANGTHAI,TONGTIEN,CREATED_AT,IS_DELETED) VALUES ('HD-26','KH-7', 'NV-6', 0,0,230000,'ĐÃ THANH TOÁN',230000,DATE '2026-04-05',0);
INSERT INTO HOA_DON (MAHD,MAKH,MANV,TIEN_COC,GIAMGIA,TONGGIATRI,TRANGTHAI,TONGTIEN,CREATED_AT,IS_DELETED) VALUES ('HD-27','KH-8', 'NV-7', 0,10,275000,'ĐÃ THANH TOÁN',247500,DATE '2026-04-07',0);
INSERT INTO HOA_DON (MAHD,MAKH,MANV,TIEN_COC,GIAMGIA,TONGGIATRI,TRANGTHAI,TONGTIEN,CREATED_AT,IS_DELETED) VALUES ('HD-28','KH-9', 'NV-8', 0,0,185000,'ĐÃ THANH TOÁN',185000,DATE '2026-04-08',0);
INSERT INTO HOA_DON (MAHD,MAKH,MANV,TIEN_COC,GIAMGIA,TONGGIATRI,TRANGTHAI,TONGTIEN,CREATED_AT,IS_DELETED) VALUES ('HD-29','KH-10','NV-9', 0,0,226000,'ĐÃ THANH TOÁN',226000,DATE '2026-04-09',0);
INSERT INTO HOA_DON (MAHD,MAKH,MANV,TIEN_COC,GIAMGIA,TONGGIATRI,TRANGTHAI,TONGTIEN,CREATED_AT,IS_DELETED) VALUES ('HD-30','KH-1', 'NV-10',0,0,400000,'ĐÃ THANH TOÁN',400000,DATE '2026-04-10',0);

-- ── KỲ NÀY: 2026-04-15 → 2026-05-14 ────────────────────────

-- Week 2: 2026-04-15 → 2026-04-25
INSERT INTO HOA_DON (MAHD,MAKH,MANV,TIEN_COC,GIAMGIA,TONGGIATRI,TRANGTHAI,TONGTIEN,CREATED_AT,IS_DELETED) VALUES ('HD-31','KH-3', 'NV-1', 0,0,180000,'ĐÃ THANH TOÁN',180000,DATE '2026-04-15',0);
INSERT INTO HOA_DON (MAHD,MAKH,MANV,TIEN_COC,GIAMGIA,TONGGIATRI,TRANGTHAI,TONGTIEN,CREATED_AT,IS_DELETED) VALUES ('HD-32','KH-4', 'NV-2', 0,0,170000,'ĐÃ THANH TOÁN',170000,DATE '2026-04-16',0);
INSERT INTO HOA_DON (MAHD,MAKH,MANV,TIEN_COC,GIAMGIA,TONGGIATRI,TRANGTHAI,TONGTIEN,CREATED_AT,IS_DELETED) VALUES ('HD-33','KH-5', 'NV-3', 0,0,140000,'ĐÃ THANH TOÁN',140000,DATE '2026-04-17',0);
INSERT INTO HOA_DON (MAHD,MAKH,MANV,TIEN_COC,GIAMGIA,TONGGIATRI,TRANGTHAI,TONGTIEN,CREATED_AT,IS_DELETED) VALUES ('HD-34','KH-6', 'NV-4', 0,5,240000,'ĐÃ THANH TOÁN',228000,DATE '2026-04-18',0);
INSERT INTO HOA_DON (MAHD,MAKH,MANV,TIEN_COC,GIAMGIA,TONGGIATRI,TRANGTHAI,TONGTIEN,CREATED_AT,IS_DELETED) VALUES ('HD-35','KH-7', 'NV-5', 0,0,440000,'ĐÃ THANH TOÁN',440000,DATE '2026-04-19',0);
INSERT INTO HOA_DON (MAHD,MAKH,MANV,TIEN_COC,GIAMGIA,TONGGIATRI,TRANGTHAI,TONGTIEN,CREATED_AT,IS_DELETED) VALUES ('HD-36','KH-8', 'NV-6', 0,0,180000,'ĐÃ THANH TOÁN',180000,DATE '2026-04-21',0);
INSERT INTO HOA_DON (MAHD,MAKH,MANV,TIEN_COC,GIAMGIA,TONGGIATRI,TRANGTHAI,TONGTIEN,CREATED_AT,IS_DELETED) VALUES ('HD-37','KH-9', 'NV-7', 0,0,230000,'ĐÃ THANH TOÁN',230000,DATE '2026-04-22',0);
INSERT INTO HOA_DON (MAHD,MAKH,MANV,TIEN_COC,GIAMGIA,TONGGIATRI,TRANGTHAI,TONGTIEN,CREATED_AT,IS_DELETED) VALUES ('HD-38','KH-10','NV-8', 0,0,195000,'ĐÃ THANH TOÁN',195000,DATE '2026-04-23',0);
INSERT INTO HOA_DON (MAHD,MAKH,MANV,TIEN_COC,GIAMGIA,TONGGIATRI,TRANGTHAI,TONGTIEN,CREATED_AT,IS_DELETED) VALUES ('HD-39','KH-1', 'NV-9', 0,0,220000,'ĐÃ THANH TOÁN',220000,DATE '2026-04-24',0);
INSERT INTO HOA_DON (MAHD,MAKH,MANV,TIEN_COC,GIAMGIA,TONGGIATRI,TRANGTHAI,TONGTIEN,CREATED_AT,IS_DELETED) VALUES ('HD-40','KH-2', 'NV-10',0,0,360000,'ĐÃ THANH TOÁN',360000,DATE '2026-04-25',0);

-- Week 3: 2026-04-28 → 2026-05-08
INSERT INTO HOA_DON (MAHD,MAKH,MANV,TIEN_COC,GIAMGIA,TONGGIATRI,TRANGTHAI,TONGTIEN,CREATED_AT,IS_DELETED) VALUES ('HD-41','KH-4', 'NV-1', 0,0,174000,'ĐÃ THANH TOÁN',174000,DATE '2026-04-28',0);
INSERT INTO HOA_DON (MAHD,MAKH,MANV,TIEN_COC,GIAMGIA,TONGGIATRI,TRANGTHAI,TONGTIEN,CREATED_AT,IS_DELETED) VALUES ('HD-42','KH-5', 'NV-2', 0,0,170000,'ĐÃ THANH TOÁN',170000,DATE '2026-04-29',0);
INSERT INTO HOA_DON (MAHD,MAKH,MANV,TIEN_COC,GIAMGIA,TONGGIATRI,TRANGTHAI,TONGTIEN,CREATED_AT,IS_DELETED) VALUES ('HD-43','KH-6', 'NV-3', 0,0,160000,'ĐÃ THANH TOÁN',160000,DATE '2026-04-30',0);
INSERT INTO HOA_DON (MAHD,MAKH,MANV,TIEN_COC,GIAMGIA,TONGGIATRI,TRANGTHAI,TONGTIEN,CREATED_AT,IS_DELETED) VALUES ('HD-44','KH-7', 'NV-4', 0,10,320000,'ĐÃ THANH TOÁN',288000,DATE '2026-05-01',0);
INSERT INTO HOA_DON (MAHD,MAKH,MANV,TIEN_COC,GIAMGIA,TONGGIATRI,TRANGTHAI,TONGTIEN,CREATED_AT,IS_DELETED) VALUES ('HD-45','KH-8', 'NV-5', 0,0,350000,'ĐÃ THANH TOÁN',350000,DATE '2026-05-02',0);
INSERT INTO HOA_DON (MAHD,MAKH,MANV,TIEN_COC,GIAMGIA,TONGGIATRI,TRANGTHAI,TONGTIEN,CREATED_AT,IS_DELETED) VALUES ('HD-46','KH-9', 'NV-6', 0,0,230000,'ĐÃ THANH TOÁN',230000,DATE '2026-05-03',0);
INSERT INTO HOA_DON (MAHD,MAKH,MANV,TIEN_COC,GIAMGIA,TONGGIATRI,TRANGTHAI,TONGTIEN,CREATED_AT,IS_DELETED) VALUES ('HD-47','KH-10','NV-7', 0,0,165000,'ĐÃ THANH TOÁN',165000,DATE '2026-05-05',0);
INSERT INTO HOA_DON (MAHD,MAKH,MANV,TIEN_COC,GIAMGIA,TONGGIATRI,TRANGTHAI,TONGTIEN,CREATED_AT,IS_DELETED) VALUES ('HD-48','KH-1', 'NV-8', 0,0,225000,'ĐÃ THANH TOÁN',225000,DATE '2026-05-06',0);
INSERT INTO HOA_DON (MAHD,MAKH,MANV,TIEN_COC,GIAMGIA,TONGGIATRI,TRANGTHAI,TONGTIEN,CREATED_AT,IS_DELETED) VALUES ('HD-49','KH-2', 'NV-9', 0,0,370000,'ĐÃ THANH TOÁN',370000,DATE '2026-05-07',0);
INSERT INTO HOA_DON (MAHD,MAKH,MANV,TIEN_COC,GIAMGIA,TONGGIATRI,TRANGTHAI,TONGTIEN,CREATED_AT,IS_DELETED) VALUES ('HD-50','KH-3', 'NV-10',0,0,380000,'ĐÃ THANH TOÁN',380000,DATE '2026-05-08',0);

-- Week 4: 2026-05-09 → 2026-05-14
INSERT INTO HOA_DON (MAHD,MAKH,MANV,TIEN_COC,GIAMGIA,TONGGIATRI,TRANGTHAI,TONGTIEN,CREATED_AT,IS_DELETED) VALUES ('HD-51','KH-5', 'NV-1', 0,0,215000,'ĐÃ THANH TOÁN',215000,DATE '2026-05-09',0);
INSERT INTO HOA_DON (MAHD,MAKH,MANV,TIEN_COC,GIAMGIA,TONGGIATRI,TRANGTHAI,TONGTIEN,CREATED_AT,IS_DELETED) VALUES ('HD-52','KH-6', 'NV-2', 0,0,180000,'ĐÃ THANH TOÁN',180000,DATE '2026-05-09',0);
INSERT INTO HOA_DON (MAHD,MAKH,MANV,TIEN_COC,GIAMGIA,TONGGIATRI,TRANGTHAI,TONGTIEN,CREATED_AT,IS_DELETED) VALUES ('HD-53','KH-7', 'NV-3', 0,0,140000,'ĐÃ THANH TOÁN',140000,DATE '2026-05-10',0);
INSERT INTO HOA_DON (MAHD,MAKH,MANV,TIEN_COC,GIAMGIA,TONGGIATRI,TRANGTHAI,TONGTIEN,CREATED_AT,IS_DELETED) VALUES ('HD-54','KH-8', 'NV-4', 0,5,280000,'ĐÃ THANH TOÁN',266000,DATE '2026-05-10',0);
INSERT INTO HOA_DON (MAHD,MAKH,MANV,TIEN_COC,GIAMGIA,TONGGIATRI,TRANGTHAI,TONGTIEN,CREATED_AT,IS_DELETED) VALUES ('HD-55','KH-9', 'NV-5', 0,0,286000,'ĐÃ THANH TOÁN',286000,DATE '2026-05-11',0);
INSERT INTO HOA_DON (MAHD,MAKH,MANV,TIEN_COC,GIAMGIA,TONGGIATRI,TRANGTHAI,TONGTIEN,CREATED_AT,IS_DELETED) VALUES ('HD-56','KH-10','NV-6', 0,0,200000,'ĐÃ THANH TOÁN',200000,DATE '2026-05-12',0);
INSERT INTO HOA_DON (MAHD,MAKH,MANV,TIEN_COC,GIAMGIA,TONGGIATRI,TRANGTHAI,TONGTIEN,CREATED_AT,IS_DELETED) VALUES ('HD-57','KH-1', 'NV-7', 0,0,185000,'ĐÃ THANH TOÁN',185000,DATE '2026-05-12',0);
INSERT INTO HOA_DON (MAHD,MAKH,MANV,TIEN_COC,GIAMGIA,TONGGIATRI,TRANGTHAI,TONGTIEN,CREATED_AT,IS_DELETED) VALUES ('HD-58','KH-2', 'NV-8', 0,0,265000,'ĐÃ THANH TOÁN',265000,DATE '2026-05-13',0);
INSERT INTO HOA_DON (MAHD,MAKH,MANV,TIEN_COC,GIAMGIA,TONGGIATRI,TRANGTHAI,TONGTIEN,CREATED_AT,IS_DELETED) VALUES ('HD-59','KH-3', 'NV-9', 0,0,280000,'ĐÃ THANH TOÁN',280000,DATE '2026-05-13',0);
INSERT INTO HOA_DON (MAHD,MAKH,MANV,TIEN_COC,GIAMGIA,TONGGIATRI,TRANGTHAI,TONGTIEN,CREATED_AT,IS_DELETED) VALUES ('HD-60','KH-4', 'NV-10',0,0,360000,'ĐÃ THANH TOÁN',360000,DATE '2026-05-14',0);

COMMIT;

-- ============================================================
-- CHI_TIET_HOA_DON_THUE_SAN (50 bản ghi – CTS-1 đến CTS-50)
-- SC-i khớp KV → BG-i (cùng KHU_VUC)
-- UNIQUE: (MASAN, TRUNC(NGAYTHUE), MABG) mỗi sân 1 slot/ngày
-- ============================================================

INSERT INTO CHI_TIET_HOA_DON_THUE_SAN (MACT_THUE_SAN,MAHD,MASAN,MABG,NGAYTHUE,DON_GIA_THUE,TRANGTHAI,CREATED_AT,IS_DELETED) VALUES ('CTS-1', 'HD-11','SC-1', 'BG-1', DATE '2026-03-17',120000,'ĐÃ HOÀN THÀNH',DATE '2026-03-17',0);
INSERT INTO CHI_TIET_HOA_DON_THUE_SAN (MACT_THUE_SAN,MAHD,MASAN,MABG,NGAYTHUE,DON_GIA_THUE,TRANGTHAI,CREATED_AT,IS_DELETED) VALUES ('CTS-2', 'HD-12','SC-2', 'BG-2', DATE '2026-03-18',90000, 'ĐÃ HOÀN THÀNH',DATE '2026-03-18',0);
INSERT INTO CHI_TIET_HOA_DON_THUE_SAN (MACT_THUE_SAN,MAHD,MASAN,MABG,NGAYTHUE,DON_GIA_THUE,TRANGTHAI,CREATED_AT,IS_DELETED) VALUES ('CTS-3', 'HD-13','SC-3', 'BG-3', DATE '2026-03-19',100000,'ĐÃ HOÀN THÀNH',DATE '2026-03-19',0);
INSERT INTO CHI_TIET_HOA_DON_THUE_SAN (MACT_THUE_SAN,MAHD,MASAN,MABG,NGAYTHUE,DON_GIA_THUE,TRANGTHAI,CREATED_AT,IS_DELETED) VALUES ('CTS-4', 'HD-14','SC-4', 'BG-4', DATE '2026-03-20',180000,'ĐÃ HOÀN THÀNH',DATE '2026-03-20',0);
INSERT INTO CHI_TIET_HOA_DON_THUE_SAN (MACT_THUE_SAN,MAHD,MASAN,MABG,NGAYTHUE,DON_GIA_THUE,TRANGTHAI,CREATED_AT,IS_DELETED) VALUES ('CTS-5', 'HD-15','SC-5', 'BG-5', DATE '2026-03-21',250000,'ĐÃ HOÀN THÀNH',DATE '2026-03-21',0);
INSERT INTO CHI_TIET_HOA_DON_THUE_SAN (MACT_THUE_SAN,MAHD,MASAN,MABG,NGAYTHUE,DON_GIA_THUE,TRANGTHAI,CREATED_AT,IS_DELETED) VALUES ('CTS-6', 'HD-16','SC-6', 'BG-6', DATE '2026-03-22',130000,'ĐÃ HOÀN THÀNH',DATE '2026-03-22',0);
INSERT INTO CHI_TIET_HOA_DON_THUE_SAN (MACT_THUE_SAN,MAHD,MASAN,MABG,NGAYTHUE,DON_GIA_THUE,TRANGTHAI,CREATED_AT,IS_DELETED) VALUES ('CTS-7', 'HD-17','SC-7', 'BG-7', DATE '2026-03-23',95000, 'ĐÃ HOÀN THÀNH',DATE '2026-03-23',0);
INSERT INTO CHI_TIET_HOA_DON_THUE_SAN (MACT_THUE_SAN,MAHD,MASAN,MABG,NGAYTHUE,DON_GIA_THUE,TRANGTHAI,CREATED_AT,IS_DELETED) VALUES ('CTS-8', 'HD-18','SC-8', 'BG-8', DATE '2026-03-24',105000,'ĐÃ HOÀN THÀNH',DATE '2026-03-24',0);
INSERT INTO CHI_TIET_HOA_DON_THUE_SAN (MACT_THUE_SAN,MAHD,MASAN,MABG,NGAYTHUE,DON_GIA_THUE,TRANGTHAI,CREATED_AT,IS_DELETED) VALUES ('CTS-9', 'HD-19','SC-9', 'BG-9', DATE '2026-03-25',190000,'ĐÃ HOÀN THÀNH',DATE '2026-03-25',0);
INSERT INTO CHI_TIET_HOA_DON_THUE_SAN (MACT_THUE_SAN,MAHD,MASAN,MABG,NGAYTHUE,DON_GIA_THUE,TRANGTHAI,CREATED_AT,IS_DELETED) VALUES ('CTS-10','HD-20','SC-10','BG-10',DATE '2026-03-26',260000,'ĐÃ HOÀN THÀNH',DATE '2026-03-26',0);
INSERT INTO CHI_TIET_HOA_DON_THUE_SAN (MACT_THUE_SAN,MAHD,MASAN,MABG,NGAYTHUE,DON_GIA_THUE,TRANGTHAI,CREATED_AT,IS_DELETED) VALUES ('CTS-11','HD-21','SC-1', 'BG-1', DATE '2026-03-31',120000,'ĐÃ HOÀN THÀNH',DATE '2026-03-31',0);
INSERT INTO CHI_TIET_HOA_DON_THUE_SAN (MACT_THUE_SAN,MAHD,MASAN,MABG,NGAYTHUE,DON_GIA_THUE,TRANGTHAI,CREATED_AT,IS_DELETED) VALUES ('CTS-12','HD-22','SC-2', 'BG-2', DATE '2026-04-01',90000, 'ĐÃ HOÀN THÀNH',DATE '2026-04-01',0);
INSERT INTO CHI_TIET_HOA_DON_THUE_SAN (MACT_THUE_SAN,MAHD,MASAN,MABG,NGAYTHUE,DON_GIA_THUE,TRANGTHAI,CREATED_AT,IS_DELETED) VALUES ('CTS-13','HD-23','SC-3', 'BG-3', DATE '2026-04-02',100000,'ĐÃ HOÀN THÀNH',DATE '2026-04-02',0);
INSERT INTO CHI_TIET_HOA_DON_THUE_SAN (MACT_THUE_SAN,MAHD,MASAN,MABG,NGAYTHUE,DON_GIA_THUE,TRANGTHAI,CREATED_AT,IS_DELETED) VALUES ('CTS-14','HD-24','SC-4', 'BG-4', DATE '2026-04-03',180000,'ĐÃ HOÀN THÀNH',DATE '2026-04-03',0);
INSERT INTO CHI_TIET_HOA_DON_THUE_SAN (MACT_THUE_SAN,MAHD,MASAN,MABG,NGAYTHUE,DON_GIA_THUE,TRANGTHAI,CREATED_AT,IS_DELETED) VALUES ('CTS-15','HD-25','SC-5', 'BG-5', DATE '2026-04-04',250000,'ĐÃ HOÀN THÀNH',DATE '2026-04-04',0);
INSERT INTO CHI_TIET_HOA_DON_THUE_SAN (MACT_THUE_SAN,MAHD,MASAN,MABG,NGAYTHUE,DON_GIA_THUE,TRANGTHAI,CREATED_AT,IS_DELETED) VALUES ('CTS-16','HD-26','SC-6', 'BG-6', DATE '2026-04-05',130000,'ĐÃ HOÀN THÀNH',DATE '2026-04-05',0);
INSERT INTO CHI_TIET_HOA_DON_THUE_SAN (MACT_THUE_SAN,MAHD,MASAN,MABG,NGAYTHUE,DON_GIA_THUE,TRANGTHAI,CREATED_AT,IS_DELETED) VALUES ('CTS-17','HD-27','SC-7', 'BG-7', DATE '2026-04-07',95000, 'ĐÃ HOÀN THÀNH',DATE '2026-04-07',0);
INSERT INTO CHI_TIET_HOA_DON_THUE_SAN (MACT_THUE_SAN,MAHD,MASAN,MABG,NGAYTHUE,DON_GIA_THUE,TRANGTHAI,CREATED_AT,IS_DELETED) VALUES ('CTS-18','HD-28','SC-8', 'BG-8', DATE '2026-04-08',105000,'ĐÃ HOÀN THÀNH',DATE '2026-04-08',0);
INSERT INTO CHI_TIET_HOA_DON_THUE_SAN (MACT_THUE_SAN,MAHD,MASAN,MABG,NGAYTHUE,DON_GIA_THUE,TRANGTHAI,CREATED_AT,IS_DELETED) VALUES ('CTS-19','HD-29','SC-9', 'BG-9', DATE '2026-04-09',190000,'ĐÃ HOÀN THÀNH',DATE '2026-04-09',0);
INSERT INTO CHI_TIET_HOA_DON_THUE_SAN (MACT_THUE_SAN,MAHD,MASAN,MABG,NGAYTHUE,DON_GIA_THUE,TRANGTHAI,CREATED_AT,IS_DELETED) VALUES ('CTS-20','HD-30','SC-10','BG-10',DATE '2026-04-10',260000,'ĐÃ HOÀN THÀNH',DATE '2026-04-10',0);
INSERT INTO CHI_TIET_HOA_DON_THUE_SAN (MACT_THUE_SAN,MAHD,MASAN,MABG,NGAYTHUE,DON_GIA_THUE,TRANGTHAI,CREATED_AT,IS_DELETED) VALUES ('CTS-21','HD-31','SC-1', 'BG-1', DATE '2026-04-15',120000,'ĐÃ HOÀN THÀNH',DATE '2026-04-15',0);
INSERT INTO CHI_TIET_HOA_DON_THUE_SAN (MACT_THUE_SAN,MAHD,MASAN,MABG,NGAYTHUE,DON_GIA_THUE,TRANGTHAI,CREATED_AT,IS_DELETED) VALUES ('CTS-22','HD-32','SC-2', 'BG-2', DATE '2026-04-16',90000, 'ĐÃ HOÀN THÀNH',DATE '2026-04-16',0);
INSERT INTO CHI_TIET_HOA_DON_THUE_SAN (MACT_THUE_SAN,MAHD,MASAN,MABG,NGAYTHUE,DON_GIA_THUE,TRANGTHAI,CREATED_AT,IS_DELETED) VALUES ('CTS-23','HD-33','SC-3', 'BG-3', DATE '2026-04-17',100000,'ĐÃ HOÀN THÀNH',DATE '2026-04-17',0);
INSERT INTO CHI_TIET_HOA_DON_THUE_SAN (MACT_THUE_SAN,MAHD,MASAN,MABG,NGAYTHUE,DON_GIA_THUE,TRANGTHAI,CREATED_AT,IS_DELETED) VALUES ('CTS-24','HD-34','SC-4', 'BG-4', DATE '2026-04-18',180000,'ĐÃ HOÀN THÀNH',DATE '2026-04-18',0);
INSERT INTO CHI_TIET_HOA_DON_THUE_SAN (MACT_THUE_SAN,MAHD,MASAN,MABG,NGAYTHUE,DON_GIA_THUE,TRANGTHAI,CREATED_AT,IS_DELETED) VALUES ('CTS-25','HD-35','SC-5', 'BG-5', DATE '2026-04-19',250000,'ĐÃ HOÀN THÀNH',DATE '2026-04-19',0);
INSERT INTO CHI_TIET_HOA_DON_THUE_SAN (MACT_THUE_SAN,MAHD,MASAN,MABG,NGAYTHUE,DON_GIA_THUE,TRANGTHAI,CREATED_AT,IS_DELETED) VALUES ('CTS-26','HD-36','SC-6', 'BG-6', DATE '2026-04-21',130000,'ĐÃ HOÀN THÀNH',DATE '2026-04-21',0);
INSERT INTO CHI_TIET_HOA_DON_THUE_SAN (MACT_THUE_SAN,MAHD,MASAN,MABG,NGAYTHUE,DON_GIA_THUE,TRANGTHAI,CREATED_AT,IS_DELETED) VALUES ('CTS-27','HD-37','SC-7', 'BG-7', DATE '2026-04-22',95000, 'ĐÃ HOÀN THÀNH',DATE '2026-04-22',0);
INSERT INTO CHI_TIET_HOA_DON_THUE_SAN (MACT_THUE_SAN,MAHD,MASAN,MABG,NGAYTHUE,DON_GIA_THUE,TRANGTHAI,CREATED_AT,IS_DELETED) VALUES ('CTS-28','HD-38','SC-8', 'BG-8', DATE '2026-04-23',105000,'ĐÃ HOÀN THÀNH',DATE '2026-04-23',0);
INSERT INTO CHI_TIET_HOA_DON_THUE_SAN (MACT_THUE_SAN,MAHD,MASAN,MABG,NGAYTHUE,DON_GIA_THUE,TRANGTHAI,CREATED_AT,IS_DELETED) VALUES ('CTS-29','HD-39','SC-9', 'BG-9', DATE '2026-04-24',190000,'ĐÃ HOÀN THÀNH',DATE '2026-04-24',0);
INSERT INTO CHI_TIET_HOA_DON_THUE_SAN (MACT_THUE_SAN,MAHD,MASAN,MABG,NGAYTHUE,DON_GIA_THUE,TRANGTHAI,CREATED_AT,IS_DELETED) VALUES ('CTS-30','HD-40','SC-10','BG-10',DATE '2026-04-25',260000,'ĐÃ HOÀN THÀNH',DATE '2026-04-25',0);
INSERT INTO CHI_TIET_HOA_DON_THUE_SAN (MACT_THUE_SAN,MAHD,MASAN,MABG,NGAYTHUE,DON_GIA_THUE,TRANGTHAI,CREATED_AT,IS_DELETED) VALUES ('CTS-31','HD-41','SC-1', 'BG-1', DATE '2026-04-28',120000,'ĐÃ HOÀN THÀNH',DATE '2026-04-28',0);
INSERT INTO CHI_TIET_HOA_DON_THUE_SAN (MACT_THUE_SAN,MAHD,MASAN,MABG,NGAYTHUE,DON_GIA_THUE,TRANGTHAI,CREATED_AT,IS_DELETED) VALUES ('CTS-32','HD-42','SC-2', 'BG-2', DATE '2026-04-29',90000, 'ĐÃ HOÀN THÀNH',DATE '2026-04-29',0);
INSERT INTO CHI_TIET_HOA_DON_THUE_SAN (MACT_THUE_SAN,MAHD,MASAN,MABG,NGAYTHUE,DON_GIA_THUE,TRANGTHAI,CREATED_AT,IS_DELETED) VALUES ('CTS-33','HD-43','SC-3', 'BG-3', DATE '2026-04-30',100000,'ĐÃ HOÀN THÀNH',DATE '2026-04-30',0);
INSERT INTO CHI_TIET_HOA_DON_THUE_SAN (MACT_THUE_SAN,MAHD,MASAN,MABG,NGAYTHUE,DON_GIA_THUE,TRANGTHAI,CREATED_AT,IS_DELETED) VALUES ('CTS-34','HD-44','SC-4', 'BG-4', DATE '2026-05-01',180000,'ĐÃ HOÀN THÀNH',DATE '2026-05-01',0);
INSERT INTO CHI_TIET_HOA_DON_THUE_SAN (MACT_THUE_SAN,MAHD,MASAN,MABG,NGAYTHUE,DON_GIA_THUE,TRANGTHAI,CREATED_AT,IS_DELETED) VALUES ('CTS-35','HD-45','SC-5', 'BG-5', DATE '2026-05-02',250000,'ĐÃ HOÀN THÀNH',DATE '2026-05-02',0);
INSERT INTO CHI_TIET_HOA_DON_THUE_SAN (MACT_THUE_SAN,MAHD,MASAN,MABG,NGAYTHUE,DON_GIA_THUE,TRANGTHAI,CREATED_AT,IS_DELETED) VALUES ('CTS-36','HD-46','SC-6', 'BG-6', DATE '2026-05-03',130000,'ĐÃ HOÀN THÀNH',DATE '2026-05-03',0);
INSERT INTO CHI_TIET_HOA_DON_THUE_SAN (MACT_THUE_SAN,MAHD,MASAN,MABG,NGAYTHUE,DON_GIA_THUE,TRANGTHAI,CREATED_AT,IS_DELETED) VALUES ('CTS-37','HD-47','SC-7', 'BG-7', DATE '2026-05-05',95000, 'ĐÃ HOÀN THÀNH',DATE '2026-05-05',0);
INSERT INTO CHI_TIET_HOA_DON_THUE_SAN (MACT_THUE_SAN,MAHD,MASAN,MABG,NGAYTHUE,DON_GIA_THUE,TRANGTHAI,CREATED_AT,IS_DELETED) VALUES ('CTS-38','HD-48','SC-8', 'BG-8', DATE '2026-05-06',105000,'ĐÃ HOÀN THÀNH',DATE '2026-05-06',0);
INSERT INTO CHI_TIET_HOA_DON_THUE_SAN (MACT_THUE_SAN,MAHD,MASAN,MABG,NGAYTHUE,DON_GIA_THUE,TRANGTHAI,CREATED_AT,IS_DELETED) VALUES ('CTS-39','HD-49','SC-9', 'BG-9', DATE '2026-05-07',190000,'ĐÃ HOÀN THÀNH',DATE '2026-05-07',0);
INSERT INTO CHI_TIET_HOA_DON_THUE_SAN (MACT_THUE_SAN,MAHD,MASAN,MABG,NGAYTHUE,DON_GIA_THUE,TRANGTHAI,CREATED_AT,IS_DELETED) VALUES ('CTS-40','HD-50','SC-10','BG-10',DATE '2026-05-08',260000,'ĐÃ HOÀN THÀNH',DATE '2026-05-08',0);
INSERT INTO CHI_TIET_HOA_DON_THUE_SAN (MACT_THUE_SAN,MAHD,MASAN,MABG,NGAYTHUE,DON_GIA_THUE,TRANGTHAI,CREATED_AT,IS_DELETED) VALUES ('CTS-41','HD-51','SC-1', 'BG-1', DATE '2026-05-09',120000,'ĐÃ HOÀN THÀNH',DATE '2026-05-09',0);
INSERT INTO CHI_TIET_HOA_DON_THUE_SAN (MACT_THUE_SAN,MAHD,MASAN,MABG,NGAYTHUE,DON_GIA_THUE,TRANGTHAI,CREATED_AT,IS_DELETED) VALUES ('CTS-42','HD-52','SC-2', 'BG-2', DATE '2026-05-09',90000, 'ĐÃ HOÀN THÀNH',DATE '2026-05-09',0);
INSERT INTO CHI_TIET_HOA_DON_THUE_SAN (MACT_THUE_SAN,MAHD,MASAN,MABG,NGAYTHUE,DON_GIA_THUE,TRANGTHAI,CREATED_AT,IS_DELETED) VALUES ('CTS-43','HD-53','SC-3', 'BG-3', DATE '2026-05-10',100000,'ĐÃ HOÀN THÀNH',DATE '2026-05-10',0);
INSERT INTO CHI_TIET_HOA_DON_THUE_SAN (MACT_THUE_SAN,MAHD,MASAN,MABG,NGAYTHUE,DON_GIA_THUE,TRANGTHAI,CREATED_AT,IS_DELETED) VALUES ('CTS-44','HD-54','SC-4', 'BG-4', DATE '2026-05-10',180000,'ĐÃ HOÀN THÀNH',DATE '2026-05-10',0);
INSERT INTO CHI_TIET_HOA_DON_THUE_SAN (MACT_THUE_SAN,MAHD,MASAN,MABG,NGAYTHUE,DON_GIA_THUE,TRANGTHAI,CREATED_AT,IS_DELETED) VALUES ('CTS-45','HD-55','SC-5', 'BG-5', DATE '2026-05-11',250000,'ĐÃ HOÀN THÀNH',DATE '2026-05-11',0);
INSERT INTO CHI_TIET_HOA_DON_THUE_SAN (MACT_THUE_SAN,MAHD,MASAN,MABG,NGAYTHUE,DON_GIA_THUE,TRANGTHAI,CREATED_AT,IS_DELETED) VALUES ('CTS-46','HD-56','SC-6', 'BG-6', DATE '2026-05-12',130000,'ĐÃ HOÀN THÀNH',DATE '2026-05-12',0);
INSERT INTO CHI_TIET_HOA_DON_THUE_SAN (MACT_THUE_SAN,MAHD,MASAN,MABG,NGAYTHUE,DON_GIA_THUE,TRANGTHAI,CREATED_AT,IS_DELETED) VALUES ('CTS-47','HD-57','SC-7', 'BG-7', DATE '2026-05-12',95000, 'ĐÃ HOÀN THÀNH',DATE '2026-05-12',0);
INSERT INTO CHI_TIET_HOA_DON_THUE_SAN (MACT_THUE_SAN,MAHD,MASAN,MABG,NGAYTHUE,DON_GIA_THUE,TRANGTHAI,CREATED_AT,IS_DELETED) VALUES ('CTS-48','HD-58','SC-8', 'BG-8', DATE '2026-05-13',105000,'ĐÃ HOÀN THÀNH',DATE '2026-05-13',0);
INSERT INTO CHI_TIET_HOA_DON_THUE_SAN (MACT_THUE_SAN,MAHD,MASAN,MABG,NGAYTHUE,DON_GIA_THUE,TRANGTHAI,CREATED_AT,IS_DELETED) VALUES ('CTS-49','HD-59','SC-9', 'BG-9', DATE '2026-05-13',190000,'ĐÃ HOÀN THÀNH',DATE '2026-05-13',0);
INSERT INTO CHI_TIET_HOA_DON_THUE_SAN (MACT_THUE_SAN,MAHD,MASAN,MABG,NGAYTHUE,DON_GIA_THUE,TRANGTHAI,CREATED_AT,IS_DELETED) VALUES ('CTS-50','HD-60','SC-10','BG-10',DATE '2026-05-14',260000,'ĐÃ HOÀN THÀNH',DATE '2026-05-14',0);

COMMIT;

-- ============================================================
-- CHI_TIET_HOA_DON_DICH_VU_DA_DUNG (50 bản ghi – CTDV-1..50)
-- MASP != NULL XOR MADC != NULL (constraint CK_CTHD_DICH_VU_LOAI)
-- TRANGTHAI: 'ĐÃ HOÀN THÀNH'
-- ============================================================

INSERT INTO CHI_TIET_HOA_DON_DICH_VU_DA_DUNG (MACT_DICH_VU,MAHD,MASP,   MADC,    SL,DON_GIA,TRANGTHAI,      CREATED_AT,        IS_DELETED) VALUES ('CTDV-1', 'HD-11','SP-1',  NULL,    2, 10000,'ĐÃ HOÀN THÀNH',DATE '2026-03-17',0);
INSERT INTO CHI_TIET_HOA_DON_DICH_VU_DA_DUNG (MACT_DICH_VU,MAHD,MASP,   MADC,    SL,DON_GIA,TRANGTHAI,      CREATED_AT,        IS_DELETED) VALUES ('CTDV-2', 'HD-12',NULL,    'DCTT-3',1, 50000,'ĐÃ HOÀN THÀNH',DATE '2026-03-18',0);
INSERT INTO CHI_TIET_HOA_DON_DICH_VU_DA_DUNG (MACT_DICH_VU,MAHD,MASP,   MADC,    SL,DON_GIA,TRANGTHAI,      CREATED_AT,        IS_DELETED) VALUES ('CTDV-3', 'HD-13','SP-2',  NULL,    1, 18000,'ĐÃ HOÀN THÀNH',DATE '2026-03-19',0);
INSERT INTO CHI_TIET_HOA_DON_DICH_VU_DA_DUNG (MACT_DICH_VU,MAHD,MASP,   MADC,    SL,DON_GIA,TRANGTHAI,      CREATED_AT,        IS_DELETED) VALUES ('CTDV-4', 'HD-14',NULL,    'DCTT-1',1, 70000,'ĐÃ HOÀN THÀNH',DATE '2026-03-20',0);
INSERT INTO CHI_TIET_HOA_DON_DICH_VU_DA_DUNG (MACT_DICH_VU,MAHD,MASP,   MADC,    SL,DON_GIA,TRANGTHAI,      CREATED_AT,        IS_DELETED) VALUES ('CTDV-5', 'HD-15','SP-5',  NULL,    1, 95000,'ĐÃ HOÀN THÀNH',DATE '2026-03-21',0);
INSERT INTO CHI_TIET_HOA_DON_DICH_VU_DA_DUNG (MACT_DICH_VU,MAHD,MASP,   MADC,    SL,DON_GIA,TRANGTHAI,      CREATED_AT,        IS_DELETED) VALUES ('CTDV-6', 'HD-16','SP-6',  NULL,    1,180000,'ĐÃ HOÀN THÀNH',DATE '2026-03-22',0);
INSERT INTO CHI_TIET_HOA_DON_DICH_VU_DA_DUNG (MACT_DICH_VU,MAHD,MASP,   MADC,    SL,DON_GIA,TRANGTHAI,      CREATED_AT,        IS_DELETED) VALUES ('CTDV-7', 'HD-17',NULL,    'DCTT-2',1, 40000,'ĐÃ HOÀN THÀNH',DATE '2026-03-23',0);
INSERT INTO CHI_TIET_HOA_DON_DICH_VU_DA_DUNG (MACT_DICH_VU,MAHD,MASP,   MADC,    SL,DON_GIA,TRANGTHAI,      CREATED_AT,        IS_DELETED) VALUES ('CTDV-8', 'HD-18','SP-1',  NULL,    3, 10000,'ĐÃ HOÀN THÀNH',DATE '2026-03-24',0);
INSERT INTO CHI_TIET_HOA_DON_DICH_VU_DA_DUNG (MACT_DICH_VU,MAHD,MASP,   MADC,    SL,DON_GIA,TRANGTHAI,      CREATED_AT,        IS_DELETED) VALUES ('CTDV-9', 'HD-19',NULL,    'DCTT-4',1, 90000,'ĐÃ HOÀN THÀNH',DATE '2026-03-25',0);
INSERT INTO CHI_TIET_HOA_DON_DICH_VU_DA_DUNG (MACT_DICH_VU,MAHD,MASP,   MADC,    SL,DON_GIA,TRANGTHAI,      CREATED_AT,        IS_DELETED) VALUES ('CTDV-10','HD-20','SP-7',  NULL,    2, 45000,'ĐÃ HOÀN THÀNH',DATE '2026-03-26',0);
INSERT INTO CHI_TIET_HOA_DON_DICH_VU_DA_DUNG (MACT_DICH_VU,MAHD,MASP,   MADC,    SL,DON_GIA,TRANGTHAI,      CREATED_AT,        IS_DELETED) VALUES ('CTDV-11','HD-21','SP-3',  NULL,    4,  5000,'ĐÃ HOÀN THÀNH',DATE '2026-03-31',0);
INSERT INTO CHI_TIET_HOA_DON_DICH_VU_DA_DUNG (MACT_DICH_VU,MAHD,MASP,   MADC,    SL,DON_GIA,TRANGTHAI,      CREATED_AT,        IS_DELETED) VALUES ('CTDV-12','HD-22',NULL,    'DCTT-5',1, 60000,'ĐÃ HOÀN THÀNH',DATE '2026-04-01',0);
INSERT INTO CHI_TIET_HOA_DON_DICH_VU_DA_DUNG (MACT_DICH_VU,MAHD,MASP,   MADC,    SL,DON_GIA,TRANGTHAI,      CREATED_AT,        IS_DELETED) VALUES ('CTDV-13','HD-23','SP-9',  NULL,    2, 35000,'ĐÃ HOÀN THÀNH',DATE '2026-04-02',0);
INSERT INTO CHI_TIET_HOA_DON_DICH_VU_DA_DUNG (MACT_DICH_VU,MAHD,MASP,   MADC,    SL,DON_GIA,TRANGTHAI,      CREATED_AT,        IS_DELETED) VALUES ('CTDV-14','HD-24',NULL,    'DCTT-3',2, 50000,'ĐÃ HOÀN THÀNH',DATE '2026-04-03',0);
INSERT INTO CHI_TIET_HOA_DON_DICH_VU_DA_DUNG (MACT_DICH_VU,MAHD,MASP,   MADC,    SL,DON_GIA,TRANGTHAI,      CREATED_AT,        IS_DELETED) VALUES ('CTDV-15','HD-25','SP-4',  NULL,    2, 25000,'ĐÃ HOÀN THÀNH',DATE '2026-04-04',0);
INSERT INTO CHI_TIET_HOA_DON_DICH_VU_DA_DUNG (MACT_DICH_VU,MAHD,MASP,   MADC,    SL,DON_GIA,TRANGTHAI,      CREATED_AT,        IS_DELETED) VALUES ('CTDV-16','HD-26',NULL,    'DCTT-7',2, 50000,'ĐÃ HOÀN THÀNH',DATE '2026-04-05',0);
INSERT INTO CHI_TIET_HOA_DON_DICH_VU_DA_DUNG (MACT_DICH_VU,MAHD,MASP,   MADC,    SL,DON_GIA,TRANGTHAI,      CREATED_AT,        IS_DELETED) VALUES ('CTDV-17','HD-27','SP-6',  NULL,    1,180000,'ĐÃ HOÀN THÀNH',DATE '2026-04-07',0);
INSERT INTO CHI_TIET_HOA_DON_DICH_VU_DA_DUNG (MACT_DICH_VU,MAHD,MASP,   MADC,    SL,DON_GIA,TRANGTHAI,      CREATED_AT,        IS_DELETED) VALUES ('CTDV-18','HD-28',NULL,    'DCTT-6',1, 80000,'ĐÃ HOÀN THÀNH',DATE '2026-04-08',0);
INSERT INTO CHI_TIET_HOA_DON_DICH_VU_DA_DUNG (MACT_DICH_VU,MAHD,MASP,   MADC,    SL,DON_GIA,TRANGTHAI,      CREATED_AT,        IS_DELETED) VALUES ('CTDV-19','HD-29','SP-2',  NULL,    2, 18000,'ĐÃ HOÀN THÀNH',DATE '2026-04-09',0);
INSERT INTO CHI_TIET_HOA_DON_DICH_VU_DA_DUNG (MACT_DICH_VU,MAHD,MASP,   MADC,    SL,DON_GIA,TRANGTHAI,      CREATED_AT,        IS_DELETED) VALUES ('CTDV-20','HD-30',NULL,    'DCTT-1',2, 70000,'ĐÃ HOÀN THÀNH',DATE '2026-04-10',0);
INSERT INTO CHI_TIET_HOA_DON_DICH_VU_DA_DUNG (MACT_DICH_VU,MAHD,MASP,   MADC,    SL,DON_GIA,TRANGTHAI,      CREATED_AT,        IS_DELETED) VALUES ('CTDV-21','HD-31','SP-10', NULL,    2, 30000,'ĐÃ HOÀN THÀNH',DATE '2026-04-15',0);
INSERT INTO CHI_TIET_HOA_DON_DICH_VU_DA_DUNG (MACT_DICH_VU,MAHD,MASP,   MADC,    SL,DON_GIA,TRANGTHAI,      CREATED_AT,        IS_DELETED) VALUES ('CTDV-22','HD-32',NULL,    'DCTT-2',2, 40000,'ĐÃ HOÀN THÀNH',DATE '2026-04-16',0);
INSERT INTO CHI_TIET_HOA_DON_DICH_VU_DA_DUNG (MACT_DICH_VU,MAHD,MASP,   MADC,    SL,DON_GIA,TRANGTHAI,      CREATED_AT,        IS_DELETED) VALUES ('CTDV-23','HD-33','SP-1',  NULL,    4, 10000,'ĐÃ HOÀN THÀNH',DATE '2026-04-17',0);
INSERT INTO CHI_TIET_HOA_DON_DICH_VU_DA_DUNG (MACT_DICH_VU,MAHD,MASP,   MADC,    SL,DON_GIA,TRANGTHAI,      CREATED_AT,        IS_DELETED) VALUES ('CTDV-24','HD-34',NULL,    'DCTT-5',1, 60000,'ĐÃ HOÀN THÀNH',DATE '2026-04-18',0);
INSERT INTO CHI_TIET_HOA_DON_DICH_VU_DA_DUNG (MACT_DICH_VU,MAHD,MASP,   MADC,    SL,DON_GIA,TRANGTHAI,      CREATED_AT,        IS_DELETED) VALUES ('CTDV-25','HD-35','SP-5',  NULL,    2, 95000,'ĐÃ HOÀN THÀNH',DATE '2026-04-19',0);
INSERT INTO CHI_TIET_HOA_DON_DICH_VU_DA_DUNG (MACT_DICH_VU,MAHD,MASP,   MADC,    SL,DON_GIA,TRANGTHAI,      CREATED_AT,        IS_DELETED) VALUES ('CTDV-26','HD-36',NULL,    'DCTT-3',1, 50000,'ĐÃ HOÀN THÀNH',DATE '2026-04-21',0);
INSERT INTO CHI_TIET_HOA_DON_DICH_VU_DA_DUNG (MACT_DICH_VU,MAHD,MASP,   MADC,    SL,DON_GIA,TRANGTHAI,      CREATED_AT,        IS_DELETED) VALUES ('CTDV-27','HD-37','SP-7',  NULL,    3, 45000,'ĐÃ HOÀN THÀNH',DATE '2026-04-22',0);
INSERT INTO CHI_TIET_HOA_DON_DICH_VU_DA_DUNG (MACT_DICH_VU,MAHD,MASP,   MADC,    SL,DON_GIA,TRANGTHAI,      CREATED_AT,        IS_DELETED) VALUES ('CTDV-28','HD-38',NULL,    'DCTT-4',1, 90000,'ĐÃ HOÀN THÀNH',DATE '2026-04-23',0);
INSERT INTO CHI_TIET_HOA_DON_DICH_VU_DA_DUNG (MACT_DICH_VU,MAHD,MASP,   MADC,    SL,DON_GIA,TRANGTHAI,      CREATED_AT,        IS_DELETED) VALUES ('CTDV-29','HD-39','SP-3',  NULL,    6,  5000,'ĐÃ HOÀN THÀNH',DATE '2026-04-24',0);
INSERT INTO CHI_TIET_HOA_DON_DICH_VU_DA_DUNG (MACT_DICH_VU,MAHD,MASP,   MADC,    SL,DON_GIA,TRANGTHAI,      CREATED_AT,        IS_DELETED) VALUES ('CTDV-30','HD-40',NULL,    'DCTT-7',2, 50000,'ĐÃ HOÀN THÀNH',DATE '2026-04-25',0);
INSERT INTO CHI_TIET_HOA_DON_DICH_VU_DA_DUNG (MACT_DICH_VU,MAHD,MASP,   MADC,    SL,DON_GIA,TRANGTHAI,      CREATED_AT,        IS_DELETED) VALUES ('CTDV-31','HD-41','SP-2',  NULL,    3, 18000,'ĐÃ HOÀN THÀNH',DATE '2026-04-28',0);
INSERT INTO CHI_TIET_HOA_DON_DICH_VU_DA_DUNG (MACT_DICH_VU,MAHD,MASP,   MADC,    SL,DON_GIA,TRANGTHAI,      CREATED_AT,        IS_DELETED) VALUES ('CTDV-32','HD-42',NULL,    'DCTT-6',1, 80000,'ĐÃ HOÀN THÀNH',DATE '2026-04-29',0);
INSERT INTO CHI_TIET_HOA_DON_DICH_VU_DA_DUNG (MACT_DICH_VU,MAHD,MASP,   MADC,    SL,DON_GIA,TRANGTHAI,      CREATED_AT,        IS_DELETED) VALUES ('CTDV-33','HD-43','SP-8',  NULL,    4, 15000,'ĐÃ HOÀN THÀNH',DATE '2026-04-30',0);
INSERT INTO CHI_TIET_HOA_DON_DICH_VU_DA_DUNG (MACT_DICH_VU,MAHD,MASP,   MADC,    SL,DON_GIA,TRANGTHAI,      CREATED_AT,        IS_DELETED) VALUES ('CTDV-34','HD-44',NULL,    'DCTT-1',2, 70000,'ĐÃ HOÀN THÀNH',DATE '2026-05-01',0);
INSERT INTO CHI_TIET_HOA_DON_DICH_VU_DA_DUNG (MACT_DICH_VU,MAHD,MASP,   MADC,    SL,DON_GIA,TRANGTHAI,      CREATED_AT,        IS_DELETED) VALUES ('CTDV-35','HD-45','SP-4',  NULL,    4, 25000,'ĐÃ HOÀN THÀNH',DATE '2026-05-02',0);
INSERT INTO CHI_TIET_HOA_DON_DICH_VU_DA_DUNG (MACT_DICH_VU,MAHD,MASP,   MADC,    SL,DON_GIA,TRANGTHAI,      CREATED_AT,        IS_DELETED) VALUES ('CTDV-36','HD-46',NULL,    'DCTT-3',2, 50000,'ĐÃ HOÀN THÀNH',DATE '2026-05-03',0);
INSERT INTO CHI_TIET_HOA_DON_DICH_VU_DA_DUNG (MACT_DICH_VU,MAHD,MASP,   MADC,    SL,DON_GIA,TRANGTHAI,      CREATED_AT,        IS_DELETED) VALUES ('CTDV-37','HD-47','SP-9',  NULL,    2, 35000,'ĐÃ HOÀN THÀNH',DATE '2026-05-05',0);
INSERT INTO CHI_TIET_HOA_DON_DICH_VU_DA_DUNG (MACT_DICH_VU,MAHD,MASP,   MADC,    SL,DON_GIA,TRANGTHAI,      CREATED_AT,        IS_DELETED) VALUES ('CTDV-38','HD-48',NULL,    'DCTT-2',3, 40000,'ĐÃ HOÀN THÀNH',DATE '2026-05-06',0);
INSERT INTO CHI_TIET_HOA_DON_DICH_VU_DA_DUNG (MACT_DICH_VU,MAHD,MASP,   MADC,    SL,DON_GIA,TRANGTHAI,      CREATED_AT,        IS_DELETED) VALUES ('CTDV-39','HD-49','SP-6',  NULL,    1,180000,'ĐÃ HOÀN THÀNH',DATE '2026-05-07',0);
INSERT INTO CHI_TIET_HOA_DON_DICH_VU_DA_DUNG (MACT_DICH_VU,MAHD,MASP,   MADC,    SL,DON_GIA,TRANGTHAI,      CREATED_AT,        IS_DELETED) VALUES ('CTDV-40','HD-50',NULL,    'DCTT-5',2, 60000,'ĐÃ HOÀN THÀNH',DATE '2026-05-08',0);
INSERT INTO CHI_TIET_HOA_DON_DICH_VU_DA_DUNG (MACT_DICH_VU,MAHD,MASP,   MADC,    SL,DON_GIA,TRANGTHAI,      CREATED_AT,        IS_DELETED) VALUES ('CTDV-41','HD-51','SP-5',  NULL,    1, 95000,'ĐÃ HOÀN THÀNH',DATE '2026-05-09',0);
INSERT INTO CHI_TIET_HOA_DON_DICH_VU_DA_DUNG (MACT_DICH_VU,MAHD,MASP,   MADC,    SL,DON_GIA,TRANGTHAI,      CREATED_AT,        IS_DELETED) VALUES ('CTDV-42','HD-52',NULL,    'DCTT-4',1, 90000,'ĐÃ HOÀN THÀNH',DATE '2026-05-09',0);
INSERT INTO CHI_TIET_HOA_DON_DICH_VU_DA_DUNG (MACT_DICH_VU,MAHD,MASP,   MADC,    SL,DON_GIA,TRANGTHAI,      CREATED_AT,        IS_DELETED) VALUES ('CTDV-43','HD-53','SP-3',  NULL,    8,  5000,'ĐÃ HOÀN THÀNH',DATE '2026-05-10',0);
INSERT INTO CHI_TIET_HOA_DON_DICH_VU_DA_DUNG (MACT_DICH_VU,MAHD,MASP,   MADC,    SL,DON_GIA,TRANGTHAI,      CREATED_AT,        IS_DELETED) VALUES ('CTDV-44','HD-54',NULL,    'DCTT-7',2, 50000,'ĐÃ HOÀN THÀNH',DATE '2026-05-10',0);
INSERT INTO CHI_TIET_HOA_DON_DICH_VU_DA_DUNG (MACT_DICH_VU,MAHD,MASP,   MADC,    SL,DON_GIA,TRANGTHAI,      CREATED_AT,        IS_DELETED) VALUES ('CTDV-45','HD-55','SP-2',  NULL,    2, 18000,'ĐÃ HOÀN THÀNH',DATE '2026-05-11',0);
INSERT INTO CHI_TIET_HOA_DON_DICH_VU_DA_DUNG (MACT_DICH_VU,MAHD,MASP,   MADC,    SL,DON_GIA,TRANGTHAI,      CREATED_AT,        IS_DELETED) VALUES ('CTDV-46','HD-56',NULL,    'DCTT-1',1, 70000,'ĐÃ HOÀN THÀNH',DATE '2026-05-12',0);
INSERT INTO CHI_TIET_HOA_DON_DICH_VU_DA_DUNG (MACT_DICH_VU,MAHD,MASP,   MADC,    SL,DON_GIA,TRANGTHAI,      CREATED_AT,        IS_DELETED) VALUES ('CTDV-47','HD-57','SP-10', NULL,    3, 30000,'ĐÃ HOÀN THÀNH',DATE '2026-05-12',0);
INSERT INTO CHI_TIET_HOA_DON_DICH_VU_DA_DUNG (MACT_DICH_VU,MAHD,MASP,   MADC,    SL,DON_GIA,TRANGTHAI,      CREATED_AT,        IS_DELETED) VALUES ('CTDV-48','HD-58',NULL,    'DCTT-6',2, 80000,'ĐÃ HOÀN THÀNH',DATE '2026-05-13',0);
INSERT INTO CHI_TIET_HOA_DON_DICH_VU_DA_DUNG (MACT_DICH_VU,MAHD,MASP,   MADC,    SL,DON_GIA,TRANGTHAI,      CREATED_AT,        IS_DELETED) VALUES ('CTDV-49','HD-59','SP-7',  NULL,    2, 45000,'ĐÃ HOÀN THÀNH',DATE '2026-05-13',0);
INSERT INTO CHI_TIET_HOA_DON_DICH_VU_DA_DUNG (MACT_DICH_VU,MAHD,MASP,   MADC,    SL,DON_GIA,TRANGTHAI,      CREATED_AT,        IS_DELETED) VALUES ('CTDV-50','HD-60',NULL,    'DCTT-3',2, 50000,'ĐÃ HOÀN THÀNH',DATE '2026-05-14',0);

COMMIT;
