-- ============================================================
-- Chuẩn hóa ID theo file ID(1).xlsx và tạo dữ liệu mẫu cho hệ thống đặt sân.
-- Mật khẩu mặc định cho mọi ACCOUNT: 123456
-- PASSWORD_HASH = SHA-256('123456') = 8d969eef6ecad3c29a3a629280e686cf0c3f5d5a86aff3ca12020c923adc6c92
-- Encoding: UTF-8
-- ============================================================
BEGIN
    DBMS_SESSION.RESET_PACKAGE;
END;
/
-- SET DEFINE OFF;
-- DELETE FROM ACCOUNT_TOKEN;
-- DELETE FROM ACCOUNT_ROLE;
-- DELETE FROM ACCOUNT_ROLE_GROUP;
-- DELETE FROM ACCOUNT_ROLE_GROUP_MAPPING;
--
-- DELETE FROM CHI_TIET_HOA_DON_THUE_SAN;
-- DELETE FROM CHI_TIET_HOA_DON_DICH_VU_DA_DUNG;
--
-- DELETE FROM CHI_TIET_NHAP_HANG;
-- DELETE FROM CHI_TIET_NHAP_DUNG_CU;
--
-- DELETE FROM HOA_DON;
-- DELETE FROM NHAP_HANG;
-- DELETE FROM DOANH_THU;
--
-- DELETE FROM ACCOUNT;
--
-- DELETE FROM KHACH_HANG;
-- DELETE FROM NHAN_VIEN;
--
-- DELETE FROM BANG_GIA;
-- DELETE FROM SAN_CON;
-- DELETE FROM KHU_VUC;
--
-- DELETE FROM SAN_PHAM;
-- DELETE FROM DUNG_CU_THE_THAO;
--
-- DELETE FROM NHA_CUNG_CAP;
-- DELETE FROM LOAI_NHAN_VIEN;
-- DELETE FROM HANG_KHACH_HANG;
--
-- DELETE FROM CHI_NHANH;
-- DELETE FROM LOAI_THE_THAO;
--
-- DELETE FROM ROLE;
-- DELETE FROM ROLE_GROUP;
-- DELETE FROM FUNCTIONS;
--
-- DELETE FROM USERS;
--
-- COMMIT;
-- CLEANUP: dùng khi database đã có seed cũ/sai ID. Xóa theo thứ tự phụ thuộc khóa ngoại.


-- ============================================================
-- 1. PHÂN QUYỀN / TÀI KHOẢN
-- ============================================================
-- FUNCTIONS (22 rows)
INSERT INTO FUNCTIONS (FUNCTION_ID, NAME_FUNCTION, CREATED_AT, IS_DELETED) VALUES ('FUNCTION-1', 'Dashboard', SYSDATE, 0);
INSERT INTO FUNCTIONS (FUNCTION_ID, NAME_FUNCTION, CREATED_AT, IS_DELETED) VALUES ('FUNCTION-2', 'Quản lý chi nhánh', SYSDATE, 0);
INSERT INTO FUNCTIONS (FUNCTION_ID, NAME_FUNCTION, CREATED_AT, IS_DELETED) VALUES ('FUNCTION-3', 'Quản lý khu vực', SYSDATE, 0);
INSERT INTO FUNCTIONS (FUNCTION_ID, NAME_FUNCTION, CREATED_AT, IS_DELETED) VALUES ('FUNCTION-4', 'Quản lý sân con', SYSDATE, 0);
INSERT INTO FUNCTIONS (FUNCTION_ID, NAME_FUNCTION, CREATED_AT, IS_DELETED) VALUES ('FUNCTION-5', 'Quản lý bảng giá', SYSDATE, 0);
INSERT INTO FUNCTIONS (FUNCTION_ID, NAME_FUNCTION, CREATED_AT, IS_DELETED) VALUES ('FUNCTION-6', 'Quản lý đặt sân', SYSDATE, 0);
INSERT INTO FUNCTIONS (FUNCTION_ID, NAME_FUNCTION, CREATED_AT, IS_DELETED) VALUES ('FUNCTION-7', 'Quản lý hóa đơn', SYSDATE, 0);
INSERT INTO FUNCTIONS (FUNCTION_ID, NAME_FUNCTION, CREATED_AT, IS_DELETED) VALUES ('FUNCTION-8', 'Cung cấp dịch vụ', SYSDATE, 0);
INSERT INTO FUNCTIONS (FUNCTION_ID, NAME_FUNCTION, CREATED_AT, IS_DELETED) VALUES ('FUNCTION-9', 'Quản lý khách hàng', SYSDATE, 0);
INSERT INTO FUNCTIONS (FUNCTION_ID, NAME_FUNCTION, CREATED_AT, IS_DELETED) VALUES ('FUNCTION-10', 'Quản lý hạng khách hàng', SYSDATE, 0);
INSERT INTO FUNCTIONS (FUNCTION_ID, NAME_FUNCTION, CREATED_AT, IS_DELETED) VALUES ('FUNCTION-11', 'Quản lý nhân viên', SYSDATE, 0);
INSERT INTO FUNCTIONS (FUNCTION_ID, NAME_FUNCTION, CREATED_AT, IS_DELETED) VALUES ('FUNCTION-12', 'Quản lý sản phẩm', SYSDATE, 0);
INSERT INTO FUNCTIONS (FUNCTION_ID, NAME_FUNCTION, CREATED_AT, IS_DELETED) VALUES ('FUNCTION-13', 'Quản lý dụng cụ thể thao', SYSDATE, 0);
INSERT INTO FUNCTIONS (FUNCTION_ID, NAME_FUNCTION, CREATED_AT, IS_DELETED) VALUES ('FUNCTION-14', 'Quản lý nhập hàng', SYSDATE, 0);
INSERT INTO FUNCTIONS (FUNCTION_ID, NAME_FUNCTION, CREATED_AT, IS_DELETED) VALUES ('FUNCTION-15', 'Quản lý nhà cung cấp', SYSDATE, 0);
INSERT INTO FUNCTIONS (FUNCTION_ID, NAME_FUNCTION, CREATED_AT, IS_DELETED) VALUES ('FUNCTION-16', 'Quản lý tài chính / doanh thu', SYSDATE, 0);
INSERT INTO FUNCTIONS (FUNCTION_ID, NAME_FUNCTION, CREATED_AT, IS_DELETED) VALUES ('FUNCTION-17', 'Quản lý tài khoản', SYSDATE, 0);
INSERT INTO FUNCTIONS (FUNCTION_ID, NAME_FUNCTION, CREATED_AT, IS_DELETED) VALUES ('FUNCTION-18', 'Hồ sơ cá nhân', SYSDATE, 0);
INSERT INTO FUNCTIONS (FUNCTION_ID, NAME_FUNCTION, CREATED_AT, IS_DELETED) VALUES ('FUNCTION-19', 'Đặt sân của khách hàng', SYSDATE, 0);
INSERT INTO FUNCTIONS (FUNCTION_ID, NAME_FUNCTION, CREATED_AT, IS_DELETED) VALUES ('FUNCTION-20', 'Quản lý loại thể thao', SYSDATE, 0);
INSERT INTO FUNCTIONS (FUNCTION_ID, NAME_FUNCTION, CREATED_AT, IS_DELETED) VALUES ('FUNCTION-21', 'Lịch sử đặt sân của khách hàng', SYSDATE, 0);
INSERT INTO FUNCTIONS (FUNCTION_ID, NAME_FUNCTION, CREATED_AT, IS_DELETED) VALUES ('FUNCTION-22', 'Quản lý loại nhân viên', SYSDATE, 0);


-- ROLE_GROUP (4 rows)
INSERT INTO ROLE_GROUP (GROUP_ID, GROUP_NAME, DESCRIPTION, CREATED_AT, IS_DELETED) VALUES ('RG-1', 'Chủ sân', 'Toàn quyền hệ thống; phạm vi: mọi chi nhánh', SYSDATE, 0);
INSERT INTO ROLE_GROUP (GROUP_ID, GROUP_NAME, DESCRIPTION, CREATED_AT, IS_DELETED) VALUES ('RG-2', 'Quản lý chi nhánh', 'Vận hành trong chi nhánh; phạm vi: MACN của nhân viên', SYSDATE, 0);
INSERT INTO ROLE_GROUP (GROUP_ID, GROUP_NAME, DESCRIPTION, CREATED_AT, IS_DELETED) VALUES ('RG-3', 'Nhân viên thu ngân', 'Nghiệp vụ quầy; phạm vi: MACN', SYSDATE, 0);
INSERT INTO ROLE_GROUP (GROUP_ID, GROUP_NAME, DESCRIPTION, CREATED_AT, IS_DELETED) VALUES ('RG-4', 'Khách hàng', 'Tự đặt sân, xem lịch sử; phạm vi: MAKH bản thân', SYSDATE, 0);

-- ROLE (55 rows)
INSERT INTO ROLE (ROLE_ID, FUNCTION_ID, ROLE_NAME, CAN_ADD, CAN_EDIT, CAN_DELETE, CAN_DOWNLOAD, CAN_VIEW, CREATED_AT, IS_DELETED) VALUES ('ROLE-1', 'FUNCTION-1', 'OWNER_DASHBOARD', 0, 0, 0, 0, 1, SYSDATE, 0);
INSERT INTO ROLE (ROLE_ID, FUNCTION_ID, ROLE_NAME, CAN_ADD, CAN_EDIT, CAN_DELETE, CAN_DOWNLOAD, CAN_VIEW, CREATED_AT, IS_DELETED) VALUES ('ROLE-2', 'FUNCTION-2', 'OWNER_BRANCH_MANAGEMENT', 1, 1, 1, 1, 1, SYSDATE, 0);
INSERT INTO ROLE (ROLE_ID, FUNCTION_ID, ROLE_NAME, CAN_ADD, CAN_EDIT, CAN_DELETE, CAN_DOWNLOAD, CAN_VIEW, CREATED_AT, IS_DELETED) VALUES ('ROLE-3', 'FUNCTION-3', 'OWNER_AREA_MANAGEMENT', 1, 1, 1, 1, 1, SYSDATE, 0);
INSERT INTO ROLE (ROLE_ID, FUNCTION_ID, ROLE_NAME, CAN_ADD, CAN_EDIT, CAN_DELETE, CAN_DOWNLOAD, CAN_VIEW, CREATED_AT, IS_DELETED) VALUES ('ROLE-4', 'FUNCTION-4', 'OWNER_COURT_MANAGEMENT', 1, 1, 1, 1, 1, SYSDATE, 0);
INSERT INTO ROLE (ROLE_ID, FUNCTION_ID, ROLE_NAME, CAN_ADD, CAN_EDIT, CAN_DELETE, CAN_DOWNLOAD, CAN_VIEW, CREATED_AT, IS_DELETED) VALUES ('ROLE-5', 'FUNCTION-5', 'OWNER_PRICE_MANAGEMENT', 1, 1, 1, 1, 1, SYSDATE, 0);
INSERT INTO ROLE (ROLE_ID, FUNCTION_ID, ROLE_NAME, CAN_ADD, CAN_EDIT, CAN_DELETE, CAN_DOWNLOAD, CAN_VIEW, CREATED_AT, IS_DELETED) VALUES ('ROLE-6', 'FUNCTION-6', 'OWNER_BOOKING_MANAGEMENT', 1, 1, 1, 1, 1, SYSDATE, 0);
INSERT INTO ROLE (ROLE_ID, FUNCTION_ID, ROLE_NAME, CAN_ADD, CAN_EDIT, CAN_DELETE, CAN_DOWNLOAD, CAN_VIEW, CREATED_AT, IS_DELETED) VALUES ('ROLE-7', 'FUNCTION-7', 'OWNER_INVOICE_MANAGEMENT', 1, 1, 1, 1, 1, SYSDATE, 0);
INSERT INTO ROLE (ROLE_ID, FUNCTION_ID, ROLE_NAME, CAN_ADD, CAN_EDIT, CAN_DELETE, CAN_DOWNLOAD, CAN_VIEW, CREATED_AT, IS_DELETED) VALUES ('ROLE-8', 'FUNCTION-8', 'OWNER_SERVICE_MANAGEMENT', 0, 0, 0, 0, 0, SYSDATE, 0);
INSERT INTO ROLE (ROLE_ID, FUNCTION_ID, ROLE_NAME, CAN_ADD, CAN_EDIT, CAN_DELETE, CAN_DOWNLOAD, CAN_VIEW, CREATED_AT, IS_DELETED) VALUES ('ROLE-9', 'FUNCTION-9', 'OWNER_CUSTOMER_MANAGEMENT', 1, 1, 1, 1, 1, SYSDATE, 0);
INSERT INTO ROLE (ROLE_ID, FUNCTION_ID, ROLE_NAME, CAN_ADD, CAN_EDIT, CAN_DELETE, CAN_DOWNLOAD, CAN_VIEW, CREATED_AT, IS_DELETED) VALUES ('ROLE-10', 'FUNCTION-10', 'OWNER_CUSTOMER_RANK_MANAGEMENT', 1, 1, 1, 1, 1, SYSDATE, 0);
INSERT INTO ROLE (ROLE_ID, FUNCTION_ID, ROLE_NAME, CAN_ADD, CAN_EDIT, CAN_DELETE, CAN_DOWNLOAD, CAN_VIEW, CREATED_AT, IS_DELETED) VALUES ('ROLE-11', 'FUNCTION-11', 'OWNER_EMPLOYEE_MANAGEMENT', 1, 1, 1, 1, 1, SYSDATE, 0);
INSERT INTO ROLE (ROLE_ID, FUNCTION_ID, ROLE_NAME, CAN_ADD, CAN_EDIT, CAN_DELETE, CAN_DOWNLOAD, CAN_VIEW, CREATED_AT, IS_DELETED) VALUES ('ROLE-12', 'FUNCTION-12', 'OWNER_PRODUCT_MANAGEMENT', 1, 1, 1, 1, 1, SYSDATE, 0);
INSERT INTO ROLE (ROLE_ID, FUNCTION_ID, ROLE_NAME, CAN_ADD, CAN_EDIT, CAN_DELETE, CAN_DOWNLOAD, CAN_VIEW, CREATED_AT, IS_DELETED) VALUES ('ROLE-13', 'FUNCTION-13', 'OWNER_EQUIPMENT_MANAGEMENT', 1, 1, 1, 1, 1, SYSDATE, 0);
INSERT INTO ROLE (ROLE_ID, FUNCTION_ID, ROLE_NAME, CAN_ADD, CAN_EDIT, CAN_DELETE, CAN_DOWNLOAD, CAN_VIEW, CREATED_AT, IS_DELETED) VALUES ('ROLE-14', 'FUNCTION-14', 'OWNER_IMPORT_MANAGEMENT', 1, 1, 1, 1, 1, SYSDATE, 0);
INSERT INTO ROLE (ROLE_ID, FUNCTION_ID, ROLE_NAME, CAN_ADD, CAN_EDIT, CAN_DELETE, CAN_DOWNLOAD, CAN_VIEW, CREATED_AT, IS_DELETED) VALUES ('ROLE-15', 'FUNCTION-15', 'OWNER_SUPPLIER_MANAGEMENT', 1, 1, 1, 1, 1, SYSDATE, 0);
INSERT INTO ROLE (ROLE_ID, FUNCTION_ID, ROLE_NAME, CAN_ADD, CAN_EDIT, CAN_DELETE, CAN_DOWNLOAD, CAN_VIEW, CREATED_AT, IS_DELETED) VALUES ('ROLE-16', 'FUNCTION-16', 'OWNER_REVENUE_MANAGEMENT', 1, 1, 1, 1, 1, SYSDATE, 0);
INSERT INTO ROLE (ROLE_ID, FUNCTION_ID, ROLE_NAME, CAN_ADD, CAN_EDIT, CAN_DELETE, CAN_DOWNLOAD, CAN_VIEW, CREATED_AT, IS_DELETED) VALUES ('ROLE-17', 'FUNCTION-17', 'OWNER_ACCOUNT_MANAGEMENT', 1, 1, 1, 1, 1, SYSDATE, 0);
INSERT INTO ROLE (ROLE_ID, FUNCTION_ID, ROLE_NAME, CAN_ADD, CAN_EDIT, CAN_DELETE, CAN_DOWNLOAD, CAN_VIEW, CREATED_AT, IS_DELETED) VALUES ('ROLE-18', 'FUNCTION-18', 'OWNER_PERSONAL_PROFILE_MANAGEMENT', 0, 1, 0, 0, 1, SYSDATE, 0);
INSERT INTO ROLE (ROLE_ID, FUNCTION_ID, ROLE_NAME, CAN_ADD, CAN_EDIT, CAN_DELETE, CAN_DOWNLOAD, CAN_VIEW, CREATED_AT, IS_DELETED) VALUES ('ROLE-19', 'FUNCTION-20', 'OWNER_SPORT_TYPE_MANAGEMENT', 1, 1, 1, 1, 1, SYSDATE, 0);
INSERT INTO ROLE (ROLE_ID, FUNCTION_ID, ROLE_NAME, CAN_ADD, CAN_EDIT, CAN_DELETE, CAN_DOWNLOAD, CAN_VIEW, CREATED_AT, IS_DELETED) VALUES ('ROLE-20', 'FUNCTION-1', 'BRANCH_MANAGER_DASHBOARD', 0, 0, 0, 0, 1, SYSDATE, 0);
INSERT INTO ROLE (ROLE_ID, FUNCTION_ID, ROLE_NAME, CAN_ADD, CAN_EDIT, CAN_DELETE, CAN_DOWNLOAD, CAN_VIEW, CREATED_AT, IS_DELETED) VALUES ('ROLE-21', 'FUNCTION-2', 'BRANCH_MANAGER_BRANCH_MANAGEMENT', 0, 0, 0, 0, 0, SYSDATE, 0);
INSERT INTO ROLE (ROLE_ID, FUNCTION_ID, ROLE_NAME, CAN_ADD, CAN_EDIT, CAN_DELETE, CAN_DOWNLOAD, CAN_VIEW, CREATED_AT, IS_DELETED) VALUES ('ROLE-22', 'FUNCTION-3', 'BRANCH_MANAGER_AREA_MANAGEMENT', 1, 1, 1, 0, 1, SYSDATE, 0);
INSERT INTO ROLE (ROLE_ID, FUNCTION_ID, ROLE_NAME, CAN_ADD, CAN_EDIT, CAN_DELETE, CAN_DOWNLOAD, CAN_VIEW, CREATED_AT, IS_DELETED) VALUES ('ROLE-23', 'FUNCTION-4', 'BRANCH_MANAGER_COURT_MANAGEMENT', 1, 1, 1, 0, 1, SYSDATE, 0);
INSERT INTO ROLE (ROLE_ID, FUNCTION_ID, ROLE_NAME, CAN_ADD, CAN_EDIT, CAN_DELETE, CAN_DOWNLOAD, CAN_VIEW, CREATED_AT, IS_DELETED) VALUES ('ROLE-24', 'FUNCTION-5', 'BRANCH_MANAGER_PRICE_MANAGEMENT', 1, 1, 1, 0, 1, SYSDATE, 0);
INSERT INTO ROLE (ROLE_ID, FUNCTION_ID, ROLE_NAME, CAN_ADD, CAN_EDIT, CAN_DELETE, CAN_DOWNLOAD, CAN_VIEW, CREATED_AT, IS_DELETED) VALUES ('ROLE-25', 'FUNCTION-6', 'BRANCH_MANAGER_BOOKING_MANAGEMENT', 1, 1, 1, 0, 1, SYSDATE, 0);
INSERT INTO ROLE (ROLE_ID, FUNCTION_ID, ROLE_NAME, CAN_ADD, CAN_EDIT, CAN_DELETE, CAN_DOWNLOAD, CAN_VIEW, CREATED_AT, IS_DELETED) VALUES ('ROLE-26', 'FUNCTION-7', 'BRANCH_MANAGER_INVOICE_MANAGEMENT', 0, 0, 0, 1, 1, SYSDATE, 0);
INSERT INTO ROLE (ROLE_ID, FUNCTION_ID, ROLE_NAME, CAN_ADD, CAN_EDIT, CAN_DELETE, CAN_DOWNLOAD, CAN_VIEW, CREATED_AT, IS_DELETED) VALUES ('ROLE-27', 'FUNCTION-8', 'BRANCH_MANAGER_SERVICE_MANAGEMENT', 0, 0, 0, 0, 0, SYSDATE, 0);
INSERT INTO ROLE (ROLE_ID, FUNCTION_ID, ROLE_NAME, CAN_ADD, CAN_EDIT, CAN_DELETE, CAN_DOWNLOAD, CAN_VIEW, CREATED_AT, IS_DELETED) VALUES ('ROLE-28', 'FUNCTION-9', 'BRANCH_MANAGER_CUSTOMER_MANAGEMENT', 1, 1, 1, 0, 1, SYSDATE, 0);
INSERT INTO ROLE (ROLE_ID, FUNCTION_ID, ROLE_NAME, CAN_ADD, CAN_EDIT, CAN_DELETE, CAN_DOWNLOAD, CAN_VIEW, CREATED_AT, IS_DELETED) VALUES ('ROLE-29', 'FUNCTION-10', 'BRANCH_MANAGER_CUSTOMER_RANK_MANAGEMENT', 1, 1, 1, 0, 1, SYSDATE, 0);
INSERT INTO ROLE (ROLE_ID, FUNCTION_ID, ROLE_NAME, CAN_ADD, CAN_EDIT, CAN_DELETE, CAN_DOWNLOAD, CAN_VIEW, CREATED_AT, IS_DELETED) VALUES ('ROLE-30', 'FUNCTION-11', 'BRANCH_MANAGER_EMPLOYEE_MANAGEMENT', 1, 1, 1, 0, 1, SYSDATE, 0);
INSERT INTO ROLE (ROLE_ID, FUNCTION_ID, ROLE_NAME, CAN_ADD, CAN_EDIT, CAN_DELETE, CAN_DOWNLOAD, CAN_VIEW, CREATED_AT, IS_DELETED) VALUES ('ROLE-31', 'FUNCTION-12', 'BRANCH_MANAGER_PRODUCT_MANAGEMENT', 1, 1, 1, 0, 1, SYSDATE, 0);
INSERT INTO ROLE (ROLE_ID, FUNCTION_ID, ROLE_NAME, CAN_ADD, CAN_EDIT, CAN_DELETE, CAN_DOWNLOAD, CAN_VIEW, CREATED_AT, IS_DELETED) VALUES ('ROLE-32', 'FUNCTION-13', 'BRANCH_MANAGER_EQUIPMENT_MANAGEMENT', 1, 1, 1, 0, 1, SYSDATE, 0);
INSERT INTO ROLE (ROLE_ID, FUNCTION_ID, ROLE_NAME, CAN_ADD, CAN_EDIT, CAN_DELETE, CAN_DOWNLOAD, CAN_VIEW, CREATED_AT, IS_DELETED) VALUES ('ROLE-33', 'FUNCTION-14', 'BRANCH_MANAGER_IMPORT_MANAGEMENT', 1, 1, 1, 1, 1, SYSDATE, 0);
INSERT INTO ROLE (ROLE_ID, FUNCTION_ID, ROLE_NAME, CAN_ADD, CAN_EDIT, CAN_DELETE, CAN_DOWNLOAD, CAN_VIEW, CREATED_AT, IS_DELETED) VALUES ('ROLE-34', 'FUNCTION-15', 'BRANCH_MANAGER_SUPPLIER_MANAGEMENT', 1, 1, 1, 0, 1, SYSDATE, 0);
INSERT INTO ROLE (ROLE_ID, FUNCTION_ID, ROLE_NAME, CAN_ADD, CAN_EDIT, CAN_DELETE, CAN_DOWNLOAD, CAN_VIEW, CREATED_AT, IS_DELETED) VALUES ('ROLE-35', 'FUNCTION-16', 'BRANCH_MANAGER_REVENUE_MANAGEMENT', 1, 1, 0, 1, 1, SYSDATE, 0);
INSERT INTO ROLE (ROLE_ID, FUNCTION_ID, ROLE_NAME, CAN_ADD, CAN_EDIT, CAN_DELETE, CAN_DOWNLOAD, CAN_VIEW, CREATED_AT, IS_DELETED) VALUES ('ROLE-36', 'FUNCTION-17', 'BRANCH_MANAGER_ACCOUNT_MANAGEMENT', 0, 0, 0, 0, 0, SYSDATE, 0);
INSERT INTO ROLE (ROLE_ID, FUNCTION_ID, ROLE_NAME, CAN_ADD, CAN_EDIT, CAN_DELETE, CAN_DOWNLOAD, CAN_VIEW, CREATED_AT, IS_DELETED) VALUES ('ROLE-37', 'FUNCTION-18', 'BRANCH_MANAGER_PERSONAL_PROFILE_MANAGEMENT', 0, 1, 0, 0, 1, SYSDATE, 0);
INSERT INTO ROLE (ROLE_ID, FUNCTION_ID, ROLE_NAME, CAN_ADD, CAN_EDIT, CAN_DELETE, CAN_DOWNLOAD, CAN_VIEW, CREATED_AT, IS_DELETED) VALUES ('ROLE-38', 'FUNCTION-20', 'BRANCH_MANAGER_SPORT_TYPE_MANAGEMENT', 0, 0, 0, 0, 1, SYSDATE, 0);
INSERT INTO ROLE (ROLE_ID, FUNCTION_ID, ROLE_NAME, CAN_ADD, CAN_EDIT, CAN_DELETE, CAN_DOWNLOAD, CAN_VIEW, CREATED_AT, IS_DELETED) VALUES ('ROLE-39', 'FUNCTION-1', 'CASHIER_DASHBOARD', 0, 0, 0, 0, 1, SYSDATE, 0);
INSERT INTO ROLE (ROLE_ID, FUNCTION_ID, ROLE_NAME, CAN_ADD, CAN_EDIT, CAN_DELETE, CAN_DOWNLOAD, CAN_VIEW, CREATED_AT, IS_DELETED) VALUES ('ROLE-40', 'FUNCTION-3', 'CASHIER_AREA_MANAGEMENT', 0, 0, 0, 0, 1, SYSDATE, 0);
INSERT INTO ROLE (ROLE_ID, FUNCTION_ID, ROLE_NAME, CAN_ADD, CAN_EDIT, CAN_DELETE, CAN_DOWNLOAD, CAN_VIEW, CREATED_AT, IS_DELETED) VALUES ('ROLE-41', 'FUNCTION-4', 'CASHIER_COURT_MANAGEMENT', 0, 0, 0, 0, 1, SYSDATE, 0);
INSERT INTO ROLE (ROLE_ID, FUNCTION_ID, ROLE_NAME, CAN_ADD, CAN_EDIT, CAN_DELETE, CAN_DOWNLOAD, CAN_VIEW, CREATED_AT, IS_DELETED) VALUES ('ROLE-42', 'FUNCTION-5', 'CASHIER_PRICE_MANAGEMENT', 0, 0, 0, 0, 1, SYSDATE, 0);
INSERT INTO ROLE (ROLE_ID, FUNCTION_ID, ROLE_NAME, CAN_ADD, CAN_EDIT, CAN_DELETE, CAN_DOWNLOAD, CAN_VIEW, CREATED_AT, IS_DELETED) VALUES ('ROLE-43', 'FUNCTION-6', 'CASHIER_BOOKING_MANAGEMENT', 1, 1, 1, 0, 1, SYSDATE, 0);
INSERT INTO ROLE (ROLE_ID, FUNCTION_ID, ROLE_NAME, CAN_ADD, CAN_EDIT, CAN_DELETE, CAN_DOWNLOAD, CAN_VIEW, CREATED_AT, IS_DELETED) VALUES ('ROLE-44', 'FUNCTION-7', 'CASHIER_INVOICE_MANAGEMENT', 1, 1, 0, 1, 1, SYSDATE, 0);
INSERT INTO ROLE (ROLE_ID, FUNCTION_ID, ROLE_NAME, CAN_ADD, CAN_EDIT, CAN_DELETE, CAN_DOWNLOAD, CAN_VIEW, CREATED_AT, IS_DELETED) VALUES ('ROLE-45', 'FUNCTION-8', 'CASHIER_SERVICE_MANAGEMENT', 0, 0, 0, 0, 0, SYSDATE, 0);
INSERT INTO ROLE (ROLE_ID, FUNCTION_ID, ROLE_NAME, CAN_ADD, CAN_EDIT, CAN_DELETE, CAN_DOWNLOAD, CAN_VIEW, CREATED_AT, IS_DELETED) VALUES ('ROLE-46', 'FUNCTION-9', 'CASHIER_CUSTOMER_MANAGEMENT', 1, 1, 0, 0, 1, SYSDATE, 0);
INSERT INTO ROLE (ROLE_ID, FUNCTION_ID, ROLE_NAME, CAN_ADD, CAN_EDIT, CAN_DELETE, CAN_DOWNLOAD, CAN_VIEW, CREATED_AT, IS_DELETED) VALUES ('ROLE-47', 'FUNCTION-10', 'CASHIER_CUSTOMER_RANK_MANAGEMENT', 0, 0, 0, 0, 1, SYSDATE, 0);
INSERT INTO ROLE (ROLE_ID, FUNCTION_ID, ROLE_NAME, CAN_ADD, CAN_EDIT, CAN_DELETE, CAN_DOWNLOAD, CAN_VIEW, CREATED_AT, IS_DELETED) VALUES ('ROLE-48', 'FUNCTION-12', 'CASHIER_PRODUCT_MANAGEMENT', 0, 0, 0, 0, 1, SYSDATE, 0);
INSERT INTO ROLE (ROLE_ID, FUNCTION_ID, ROLE_NAME, CAN_ADD, CAN_EDIT, CAN_DELETE, CAN_DOWNLOAD, CAN_VIEW, CREATED_AT, IS_DELETED) VALUES ('ROLE-49', 'FUNCTION-13', 'CASHIER_EQUIPMENT_MANAGEMENT', 0, 0, 0, 0, 1, SYSDATE, 0);
INSERT INTO ROLE (ROLE_ID, FUNCTION_ID, ROLE_NAME, CAN_ADD, CAN_EDIT, CAN_DELETE, CAN_DOWNLOAD, CAN_VIEW, CREATED_AT, IS_DELETED) VALUES ('ROLE-50', 'FUNCTION-18', 'CASHIER_PERSONAL_PROFILE_MANAGEMENT', 0, 1, 0, 0, 1, SYSDATE, 0);
INSERT INTO ROLE (ROLE_ID, FUNCTION_ID, ROLE_NAME, CAN_ADD, CAN_EDIT, CAN_DELETE, CAN_DOWNLOAD, CAN_VIEW, CREATED_AT, IS_DELETED) VALUES ('ROLE-51', 'FUNCTION-1', 'CUSTOMER_DASHBOARD', 0, 0, 0, 0, 1, SYSDATE, 0);
INSERT INTO ROLE (ROLE_ID, FUNCTION_ID, ROLE_NAME, CAN_ADD, CAN_EDIT, CAN_DELETE, CAN_DOWNLOAD, CAN_VIEW, CREATED_AT, IS_DELETED) VALUES ('ROLE-52', 'FUNCTION-21', 'CUSTOMER_BOOKING_HISTORY', 1, 1, 0, 1, 1, SYSDATE, 0);
INSERT INTO ROLE (ROLE_ID, FUNCTION_ID, ROLE_NAME, CAN_ADD, CAN_EDIT, CAN_DELETE, CAN_DOWNLOAD, CAN_VIEW, CREATED_AT, IS_DELETED) VALUES ('ROLE-53', 'FUNCTION-18', 'CUSTOMER_PERSONAL_PROFILE_MANAGEMENT', 0, 1, 0, 0, 1, SYSDATE, 0);
INSERT INTO ROLE (ROLE_ID, FUNCTION_ID, ROLE_NAME, CAN_ADD, CAN_EDIT, CAN_DELETE, CAN_DOWNLOAD, CAN_VIEW, CREATED_AT, IS_DELETED) VALUES ('ROLE-54', 'FUNCTION-19', 'CUSTOMER_CUSTOMER_BOOKING_SELF_SERVICE', 1, 1, 1, 1, 1, SYSDATE, 0);
INSERT INTO ROLE (ROLE_ID, FUNCTION_ID, ROLE_NAME, CAN_ADD, CAN_EDIT, CAN_DELETE, CAN_DOWNLOAD, CAN_VIEW, CREATED_AT, IS_DELETED) VALUES ('ROLE-55', 'FUNCTION-22', 'OWNER_STAFF_TYPE_MANAGEMENT', 1, 1, 1, 1, 1, SYSDATE, 0);

-- ACCOUNT_ROLE_GROUP_MAPPING (55 rows)
INSERT INTO ACCOUNT_ROLE_GROUP_MAPPING (MAPPING_ID, ROLE_ID, GROUP_ID, CREATED_AT, IS_DELETED) VALUES ('ACCRGRMAP-1', 'ROLE-1', 'RG-1', SYSDATE, 0);
INSERT INTO ACCOUNT_ROLE_GROUP_MAPPING (MAPPING_ID, ROLE_ID, GROUP_ID, CREATED_AT, IS_DELETED) VALUES ('ACCRGRMAP-2', 'ROLE-2', 'RG-1', SYSDATE, 0);
INSERT INTO ACCOUNT_ROLE_GROUP_MAPPING (MAPPING_ID, ROLE_ID, GROUP_ID, CREATED_AT, IS_DELETED) VALUES ('ACCRGRMAP-3', 'ROLE-3', 'RG-1', SYSDATE, 0);
INSERT INTO ACCOUNT_ROLE_GROUP_MAPPING (MAPPING_ID, ROLE_ID, GROUP_ID, CREATED_AT, IS_DELETED) VALUES ('ACCRGRMAP-4', 'ROLE-4', 'RG-1', SYSDATE, 0);
INSERT INTO ACCOUNT_ROLE_GROUP_MAPPING (MAPPING_ID, ROLE_ID, GROUP_ID, CREATED_AT, IS_DELETED) VALUES ('ACCRGRMAP-5', 'ROLE-5', 'RG-1', SYSDATE, 0);
INSERT INTO ACCOUNT_ROLE_GROUP_MAPPING (MAPPING_ID, ROLE_ID, GROUP_ID, CREATED_AT, IS_DELETED) VALUES ('ACCRGRMAP-6', 'ROLE-6', 'RG-1', SYSDATE, 0);
INSERT INTO ACCOUNT_ROLE_GROUP_MAPPING (MAPPING_ID, ROLE_ID, GROUP_ID, CREATED_AT, IS_DELETED) VALUES ('ACCRGRMAP-7', 'ROLE-7', 'RG-1', SYSDATE, 0);
INSERT INTO ACCOUNT_ROLE_GROUP_MAPPING (MAPPING_ID, ROLE_ID, GROUP_ID, CREATED_AT, IS_DELETED) VALUES ('ACCRGRMAP-8', 'ROLE-8', 'RG-1', SYSDATE, 0);
INSERT INTO ACCOUNT_ROLE_GROUP_MAPPING (MAPPING_ID, ROLE_ID, GROUP_ID, CREATED_AT, IS_DELETED) VALUES ('ACCRGRMAP-9', 'ROLE-9', 'RG-1', SYSDATE, 0);
INSERT INTO ACCOUNT_ROLE_GROUP_MAPPING (MAPPING_ID, ROLE_ID, GROUP_ID, CREATED_AT, IS_DELETED) VALUES ('ACCRGRMAP-10', 'ROLE-10', 'RG-1', SYSDATE, 0);
INSERT INTO ACCOUNT_ROLE_GROUP_MAPPING (MAPPING_ID, ROLE_ID, GROUP_ID, CREATED_AT, IS_DELETED) VALUES ('ACCRGRMAP-11', 'ROLE-11', 'RG-1', SYSDATE, 0);
INSERT INTO ACCOUNT_ROLE_GROUP_MAPPING (MAPPING_ID, ROLE_ID, GROUP_ID, CREATED_AT, IS_DELETED) VALUES ('ACCRGRMAP-12', 'ROLE-12', 'RG-1', SYSDATE, 0);
INSERT INTO ACCOUNT_ROLE_GROUP_MAPPING (MAPPING_ID, ROLE_ID, GROUP_ID, CREATED_AT, IS_DELETED) VALUES ('ACCRGRMAP-13', 'ROLE-13', 'RG-1', SYSDATE, 0);
INSERT INTO ACCOUNT_ROLE_GROUP_MAPPING (MAPPING_ID, ROLE_ID, GROUP_ID, CREATED_AT, IS_DELETED) VALUES ('ACCRGRMAP-14', 'ROLE-14', 'RG-1', SYSDATE, 0);
INSERT INTO ACCOUNT_ROLE_GROUP_MAPPING (MAPPING_ID, ROLE_ID, GROUP_ID, CREATED_AT, IS_DELETED) VALUES ('ACCRGRMAP-15', 'ROLE-15', 'RG-1', SYSDATE, 0);
INSERT INTO ACCOUNT_ROLE_GROUP_MAPPING (MAPPING_ID, ROLE_ID, GROUP_ID, CREATED_AT, IS_DELETED) VALUES ('ACCRGRMAP-16', 'ROLE-16', 'RG-1', SYSDATE, 0);
INSERT INTO ACCOUNT_ROLE_GROUP_MAPPING (MAPPING_ID, ROLE_ID, GROUP_ID, CREATED_AT, IS_DELETED) VALUES ('ACCRGRMAP-17', 'ROLE-17', 'RG-1', SYSDATE, 0);
INSERT INTO ACCOUNT_ROLE_GROUP_MAPPING (MAPPING_ID, ROLE_ID, GROUP_ID, CREATED_AT, IS_DELETED) VALUES ('ACCRGRMAP-18', 'ROLE-18', 'RG-1', SYSDATE, 0);
INSERT INTO ACCOUNT_ROLE_GROUP_MAPPING (MAPPING_ID, ROLE_ID, GROUP_ID, CREATED_AT, IS_DELETED) VALUES ('ACCRGRMAP-19', 'ROLE-19', 'RG-1', SYSDATE, 0);
INSERT INTO ACCOUNT_ROLE_GROUP_MAPPING (MAPPING_ID, ROLE_ID, GROUP_ID, CREATED_AT, IS_DELETED) VALUES ('ACCRGRMAP-20', 'ROLE-20', 'RG-2', SYSDATE, 0);
INSERT INTO ACCOUNT_ROLE_GROUP_MAPPING (MAPPING_ID, ROLE_ID, GROUP_ID, CREATED_AT, IS_DELETED) VALUES ('ACCRGRMAP-21', 'ROLE-21', 'RG-2', SYSDATE, 0);
INSERT INTO ACCOUNT_ROLE_GROUP_MAPPING (MAPPING_ID, ROLE_ID, GROUP_ID, CREATED_AT, IS_DELETED) VALUES ('ACCRGRMAP-22', 'ROLE-22', 'RG-2', SYSDATE, 0);
INSERT INTO ACCOUNT_ROLE_GROUP_MAPPING (MAPPING_ID, ROLE_ID, GROUP_ID, CREATED_AT, IS_DELETED) VALUES ('ACCRGRMAP-23', 'ROLE-23', 'RG-2', SYSDATE, 0);
INSERT INTO ACCOUNT_ROLE_GROUP_MAPPING (MAPPING_ID, ROLE_ID, GROUP_ID, CREATED_AT, IS_DELETED) VALUES ('ACCRGRMAP-24', 'ROLE-24', 'RG-2', SYSDATE, 0);
INSERT INTO ACCOUNT_ROLE_GROUP_MAPPING (MAPPING_ID, ROLE_ID, GROUP_ID, CREATED_AT, IS_DELETED) VALUES ('ACCRGRMAP-25', 'ROLE-25', 'RG-2', SYSDATE, 0);
INSERT INTO ACCOUNT_ROLE_GROUP_MAPPING (MAPPING_ID, ROLE_ID, GROUP_ID, CREATED_AT, IS_DELETED) VALUES ('ACCRGRMAP-26', 'ROLE-26', 'RG-2', SYSDATE, 0);
INSERT INTO ACCOUNT_ROLE_GROUP_MAPPING (MAPPING_ID, ROLE_ID, GROUP_ID, CREATED_AT, IS_DELETED) VALUES ('ACCRGRMAP-27', 'ROLE-27', 'RG-2', SYSDATE, 0);
INSERT INTO ACCOUNT_ROLE_GROUP_MAPPING (MAPPING_ID, ROLE_ID, GROUP_ID, CREATED_AT, IS_DELETED) VALUES ('ACCRGRMAP-28', 'ROLE-28', 'RG-2', SYSDATE, 0);
INSERT INTO ACCOUNT_ROLE_GROUP_MAPPING (MAPPING_ID, ROLE_ID, GROUP_ID, CREATED_AT, IS_DELETED) VALUES ('ACCRGRMAP-29', 'ROLE-29', 'RG-2', SYSDATE, 0);
INSERT INTO ACCOUNT_ROLE_GROUP_MAPPING (MAPPING_ID, ROLE_ID, GROUP_ID, CREATED_AT, IS_DELETED) VALUES ('ACCRGRMAP-30', 'ROLE-30', 'RG-2', SYSDATE, 0);
INSERT INTO ACCOUNT_ROLE_GROUP_MAPPING (MAPPING_ID, ROLE_ID, GROUP_ID, CREATED_AT, IS_DELETED) VALUES ('ACCRGRMAP-31', 'ROLE-31', 'RG-2', SYSDATE, 0);
INSERT INTO ACCOUNT_ROLE_GROUP_MAPPING (MAPPING_ID, ROLE_ID, GROUP_ID, CREATED_AT, IS_DELETED) VALUES ('ACCRGRMAP-32', 'ROLE-32', 'RG-2', SYSDATE, 0);
INSERT INTO ACCOUNT_ROLE_GROUP_MAPPING (MAPPING_ID, ROLE_ID, GROUP_ID, CREATED_AT, IS_DELETED) VALUES ('ACCRGRMAP-33', 'ROLE-33', 'RG-2', SYSDATE, 0);
INSERT INTO ACCOUNT_ROLE_GROUP_MAPPING (MAPPING_ID, ROLE_ID, GROUP_ID, CREATED_AT, IS_DELETED) VALUES ('ACCRGRMAP-34', 'ROLE-34', 'RG-2', SYSDATE, 0);
INSERT INTO ACCOUNT_ROLE_GROUP_MAPPING (MAPPING_ID, ROLE_ID, GROUP_ID, CREATED_AT, IS_DELETED) VALUES ('ACCRGRMAP-35', 'ROLE-35', 'RG-2', SYSDATE, 0);
INSERT INTO ACCOUNT_ROLE_GROUP_MAPPING (MAPPING_ID, ROLE_ID, GROUP_ID, CREATED_AT, IS_DELETED) VALUES ('ACCRGRMAP-36', 'ROLE-36', 'RG-2', SYSDATE, 0);
INSERT INTO ACCOUNT_ROLE_GROUP_MAPPING (MAPPING_ID, ROLE_ID, GROUP_ID, CREATED_AT, IS_DELETED) VALUES ('ACCRGRMAP-37', 'ROLE-37', 'RG-2', SYSDATE, 0);
INSERT INTO ACCOUNT_ROLE_GROUP_MAPPING (MAPPING_ID, ROLE_ID, GROUP_ID, CREATED_AT, IS_DELETED) VALUES ('ACCRGRMAP-38', 'ROLE-38', 'RG-2', SYSDATE, 0);
INSERT INTO ACCOUNT_ROLE_GROUP_MAPPING (MAPPING_ID, ROLE_ID, GROUP_ID, CREATED_AT, IS_DELETED) VALUES ('ACCRGRMAP-39', 'ROLE-39', 'RG-3', SYSDATE, 0);
INSERT INTO ACCOUNT_ROLE_GROUP_MAPPING (MAPPING_ID, ROLE_ID, GROUP_ID, CREATED_AT, IS_DELETED) VALUES ('ACCRGRMAP-40', 'ROLE-40', 'RG-3', SYSDATE, 0);
INSERT INTO ACCOUNT_ROLE_GROUP_MAPPING (MAPPING_ID, ROLE_ID, GROUP_ID, CREATED_AT, IS_DELETED) VALUES ('ACCRGRMAP-41', 'ROLE-41', 'RG-3', SYSDATE, 0);
INSERT INTO ACCOUNT_ROLE_GROUP_MAPPING (MAPPING_ID, ROLE_ID, GROUP_ID, CREATED_AT, IS_DELETED) VALUES ('ACCRGRMAP-42', 'ROLE-42', 'RG-3', SYSDATE, 0);
INSERT INTO ACCOUNT_ROLE_GROUP_MAPPING (MAPPING_ID, ROLE_ID, GROUP_ID, CREATED_AT, IS_DELETED) VALUES ('ACCRGRMAP-43', 'ROLE-43', 'RG-3', SYSDATE, 0);
INSERT INTO ACCOUNT_ROLE_GROUP_MAPPING (MAPPING_ID, ROLE_ID, GROUP_ID, CREATED_AT, IS_DELETED) VALUES ('ACCRGRMAP-44', 'ROLE-44', 'RG-3', SYSDATE, 0);
INSERT INTO ACCOUNT_ROLE_GROUP_MAPPING (MAPPING_ID, ROLE_ID, GROUP_ID, CREATED_AT, IS_DELETED) VALUES ('ACCRGRMAP-45', 'ROLE-45', 'RG-3', SYSDATE, 0);
INSERT INTO ACCOUNT_ROLE_GROUP_MAPPING (MAPPING_ID, ROLE_ID, GROUP_ID, CREATED_AT, IS_DELETED) VALUES ('ACCRGRMAP-46', 'ROLE-46', 'RG-3', SYSDATE, 0);
INSERT INTO ACCOUNT_ROLE_GROUP_MAPPING (MAPPING_ID, ROLE_ID, GROUP_ID, CREATED_AT, IS_DELETED) VALUES ('ACCRGRMAP-47', 'ROLE-47', 'RG-3', SYSDATE, 0);
INSERT INTO ACCOUNT_ROLE_GROUP_MAPPING (MAPPING_ID, ROLE_ID, GROUP_ID, CREATED_AT, IS_DELETED) VALUES ('ACCRGRMAP-48', 'ROLE-48', 'RG-3', SYSDATE, 0);
INSERT INTO ACCOUNT_ROLE_GROUP_MAPPING (MAPPING_ID, ROLE_ID, GROUP_ID, CREATED_AT, IS_DELETED) VALUES ('ACCRGRMAP-49', 'ROLE-49', 'RG-3', SYSDATE, 0);
INSERT INTO ACCOUNT_ROLE_GROUP_MAPPING (MAPPING_ID, ROLE_ID, GROUP_ID, CREATED_AT, IS_DELETED) VALUES ('ACCRGRMAP-50', 'ROLE-50', 'RG-3', SYSDATE, 0);
INSERT INTO ACCOUNT_ROLE_GROUP_MAPPING (MAPPING_ID, ROLE_ID, GROUP_ID, CREATED_AT, IS_DELETED) VALUES ('ACCRGRMAP-51', 'ROLE-51', 'RG-4', SYSDATE, 0);
INSERT INTO ACCOUNT_ROLE_GROUP_MAPPING (MAPPING_ID, ROLE_ID, GROUP_ID, CREATED_AT, IS_DELETED) VALUES ('ACCRGRMAP-52', 'ROLE-52', 'RG-4', SYSDATE, 0);
INSERT INTO ACCOUNT_ROLE_GROUP_MAPPING (MAPPING_ID, ROLE_ID, GROUP_ID, CREATED_AT, IS_DELETED) VALUES ('ACCRGRMAP-53', 'ROLE-53', 'RG-4', SYSDATE, 0);
INSERT INTO ACCOUNT_ROLE_GROUP_MAPPING (MAPPING_ID, ROLE_ID, GROUP_ID, CREATED_AT, IS_DELETED) VALUES ('ACCRGRMAP-54', 'ROLE-54', 'RG-4', SYSDATE, 0);
INSERT INTO ACCOUNT_ROLE_GROUP_MAPPING (MAPPING_ID, ROLE_ID, GROUP_ID, CREATED_AT, IS_DELETED) VALUES ('ACCRGRMAP-55', 'ROLE-55', 'RG-1', SYSDATE, 0);

-- ============================================================
-- 2. DỮ LIỆU NGƯỜI DÙNG, KHÁCH HÀNG, NHÂN VIÊN
-- ============================================================

-- HANG_KHACH_HANG (10 rows)
INSERT INTO HANG_KHACH_HANG (MA_HANG, TEN_HANG, CHIET_KHAU, MUC_TIEN, CREATED_AT, IS_DELETED) VALUES ('HKH-1', 'Thành viên mới', 0, 0, SYSDATE, 0);
INSERT INTO HANG_KHACH_HANG (MA_HANG, TEN_HANG, CHIET_KHAU, MUC_TIEN, CREATED_AT, IS_DELETED) VALUES ('HKH-2', 'Đồng', 2, 1000000, SYSDATE, 0);
INSERT INTO HANG_KHACH_HANG (MA_HANG, TEN_HANG, CHIET_KHAU, MUC_TIEN, CREATED_AT, IS_DELETED) VALUES ('HKH-3', 'Bạc', 4, 3000000, SYSDATE, 0);
INSERT INTO HANG_KHACH_HANG (MA_HANG, TEN_HANG, CHIET_KHAU, MUC_TIEN, CREATED_AT, IS_DELETED) VALUES ('HKH-4', 'Vàng', 6, 6000000, SYSDATE, 0);
INSERT INTO HANG_KHACH_HANG (MA_HANG, TEN_HANG, CHIET_KHAU, MUC_TIEN, CREATED_AT, IS_DELETED) VALUES ('HKH-5', 'Bạch kim', 8, 10000000, SYSDATE, 0);

-- CHI_NHANH (10 rows)
INSERT INTO CHI_NHANH (MACN, TEN_CHI_NHANH, DIACHI, HOTLINE, CREATED_AT, IS_DELETED) VALUES ('CN-1', 'RentSta Quận 1', '12 Nguyễn Huệ, Phường Bến Nghé, Quận 1, TP.HCM', '0901000001', SYSDATE, 0);
INSERT INTO CHI_NHANH (MACN, TEN_CHI_NHANH, DIACHI, HOTLINE, CREATED_AT, IS_DELETED) VALUES ('CN-2', 'RentSta Quận 3', '45 Võ Văn Tần, Phường 6, Quận 3, TP.HCM', '0901000002', SYSDATE, 0);
INSERT INTO CHI_NHANH (MACN, TEN_CHI_NHANH, DIACHI, HOTLINE, CREATED_AT, IS_DELETED) VALUES ('CN-3', 'RentSta Bình Thạnh', '88 Điện Biên Phủ, Bình Thạnh, TP.HCM', '0901000003', SYSDATE, 0);

-- LOAI_NHAN_VIEN (10 rows)
INSERT INTO LOAI_NHAN_VIEN (MALNV, VITRI, MUC_LUONG, CREATED_AT, IS_DELETED) VALUES ('LNV-1', 'Quản lý chi nhánh', 25000000, SYSDATE, 0);
INSERT INTO LOAI_NHAN_VIEN (MALNV, VITRI, MUC_LUONG, CREATED_AT, IS_DELETED) VALUES ('LNV-2', 'Thu ngân', 12000000, SYSDATE, 0);

-- USERS (20 rows)
INSERT INTO USERS (USER_ID, HOTEN, SDT, EMAIL, NGAYSINH, DIACHI, CREATED_AT, IS_DELETED) VALUES ('USERS-1', 'Nguyễn Minh An', '0912000001', 'khachhang01@sportcourt.vn', DATE '1991-02-15', '11 Đường Khách Hàng, TP.HCM', SYSDATE, 0);
INSERT INTO USERS (USER_ID, HOTEN, SDT, EMAIL, NGAYSINH, DIACHI, CREATED_AT, IS_DELETED) VALUES ('USERS-2', 'Trần Gia Bảo', '0912000002', 'khachhang02@sportcourt.vn', DATE '1992-03-15', '12 Đường Khách Hàng, TP.HCM', SYSDATE, 0);
INSERT INTO USERS (USER_ID, HOTEN, SDT, EMAIL, NGAYSINH, DIACHI, CREATED_AT, IS_DELETED) VALUES ('USERS-3', 'Lê Hoàng Chi', '0912000003', 'khachhang03@sportcourt.vn', DATE '1993-04-15', '13 Đường Khách Hàng, TP.HCM', SYSDATE, 0);
INSERT INTO USERS (USER_ID, HOTEN, SDT, EMAIL, NGAYSINH, DIACHI, CREATED_AT, IS_DELETED) VALUES ('USERS-4', 'Phạm Quốc Dũng', '0912000004', 'khachhang04@sportcourt.vn', DATE '1994-05-15', '14 Đường Khách Hàng, TP.HCM', SYSDATE, 0);
INSERT INTO USERS (USER_ID, HOTEN, SDT, EMAIL, NGAYSINH, DIACHI, CREATED_AT, IS_DELETED) VALUES ('USERS-5', 'Võ Thảo Nguyên', '0912000005', 'khachhang05@sportcourt.vn', DATE '1995-06-15', '15 Đường Khách Hàng, TP.HCM', SYSDATE, 0);
INSERT INTO USERS (USER_ID, HOTEN, SDT, EMAIL, NGAYSINH, DIACHI, CREATED_AT, IS_DELETED) VALUES ('USERS-6', 'Đặng Tuấn Kiệt', '0912000006', 'khachhang06@sportcourt.vn', DATE '1996-07-15', '16 Đường Khách Hàng, TP.HCM', SYSDATE, 0);
INSERT INTO USERS (USER_ID, HOTEN, SDT, EMAIL, NGAYSINH, DIACHI, CREATED_AT, IS_DELETED) VALUES ('USERS-7', 'Bùi Khánh Linh', '0912000007', 'khachhang07@sportcourt.vn', DATE '1997-08-15', '17 Đường Khách Hàng, TP.HCM', SYSDATE, 0);
INSERT INTO USERS (USER_ID, HOTEN, SDT, EMAIL, NGAYSINH, DIACHI, CREATED_AT, IS_DELETED) VALUES ('USERS-8', 'Huỳnh Anh Minh', '0912000008', 'khachhang08@sportcourt.vn', DATE '1998-09-15', '18 Đường Khách Hàng, TP.HCM', SYSDATE, 0);
INSERT INTO USERS (USER_ID, HOTEN, SDT, EMAIL, NGAYSINH, DIACHI, CREATED_AT, IS_DELETED) VALUES ('USERS-9', 'Phan Thanh Tâm', '0912000009', 'khachhang09@sportcourt.vn', DATE '1999-01-15', '19 Đường Khách Hàng, TP.HCM', SYSDATE, 0);
INSERT INTO USERS (USER_ID, HOTEN, SDT, EMAIL, NGAYSINH, DIACHI, CREATED_AT, IS_DELETED) VALUES ('USERS-10', 'Đỗ Nhật Vy', '0912000010', 'khachhang10@sportcourt.vn', DATE '1990-02-15', '20 Đường Khách Hàng, TP.HCM', SYSDATE, 0);
INSERT INTO USERS (USER_ID, HOTEN, SDT, EMAIL, NGAYSINH, DIACHI, CREATED_AT, IS_DELETED) VALUES ('USERS-11', 'Lê Văn Duy', '0919008669', 'levanduy3122006@gmail.com', DATE '1981-02-20', '21 Đường Nhân Viên, TP.HCM', SYSDATE, 0);
INSERT INTO USERS (USER_ID, HOTEN, SDT, EMAIL, NGAYSINH, DIACHI, CREATED_AT, IS_DELETED) VALUES ('USERS-12', 'Ngô Bảo Trâm', '0913000002', 'nhanvien02@sportcourt.vn', DATE '1982-03-20', '22 Đường Nhân Viên, TP.HCM', SYSDATE, 0);
INSERT INTO USERS (USER_ID, HOTEN, SDT, EMAIL, NGAYSINH, DIACHI, CREATED_AT, IS_DELETED) VALUES ('USERS-13', 'Trịnh Minh Khang', '0913000003', 'nhanvien03@sportcourt.vn', DATE '1983-04-20', '23 Đường Nhân Viên, TP.HCM', SYSDATE, 0);
INSERT INTO USERS (USER_ID, HOTEN, SDT, EMAIL, NGAYSINH, DIACHI, CREATED_AT, IS_DELETED) VALUES ('USERS-14', 'Mai Hồng Phúc', '0913000004', 'nhanvien04@sportcourt.vn', DATE '1984-05-20', '24 Đường Nhân Viên, TP.HCM', SYSDATE, 0);
INSERT INTO USERS (USER_ID, HOTEN, SDT, EMAIL, NGAYSINH, DIACHI, CREATED_AT, IS_DELETED) VALUES ('USERS-15', 'Cao Đức Huy', '0913000005', 'nhanvien05@sportcourt.vn', DATE '1985-06-20', '25 Đường Nhân Viên, TP.HCM', SYSDATE, 0);
INSERT INTO USERS (USER_ID, HOTEN, SDT, EMAIL, NGAYSINH, DIACHI, CREATED_AT, IS_DELETED) VALUES ('USERS-16', 'Hà Thu Hà', '0913000006', 'nhanvien06@sportcourt.vn', DATE '1986-07-20', '26 Đường Nhân Viên, TP.HCM', SYSDATE, 0);
INSERT INTO USERS (USER_ID, HOTEN, SDT, EMAIL, NGAYSINH, DIACHI, CREATED_AT, IS_DELETED) VALUES ('USERS-17', 'Vũ Quang Hưng', '0913000007', 'nhanvien07@sportcourt.vn', DATE '1987-08-20', '27 Đường Nhân Viên, TP.HCM', SYSDATE, 0);
INSERT INTO USERS (USER_ID, HOTEN, SDT, EMAIL, NGAYSINH, DIACHI, CREATED_AT, IS_DELETED) VALUES ('USERS-18', 'Đinh Ngọc Lan', '0913000008', 'nhanvien08@sportcourt.vn', DATE '1988-09-20', '28 Đường Nhân Viên, TP.HCM', SYSDATE, 0);
INSERT INTO USERS (USER_ID, HOTEN, SDT, EMAIL, NGAYSINH, DIACHI, CREATED_AT, IS_DELETED) VALUES ('USERS-19', 'Tạ Minh Quân', '0913000009', 'nhanvien09@sportcourt.vn', DATE '1989-01-20', '29 Đường Nhân Viên, TP.HCM', SYSDATE, 0);
INSERT INTO USERS (USER_ID, HOTEN, SDT, EMAIL, NGAYSINH, DIACHI, CREATED_AT, IS_DELETED) VALUES ('USERS-20', 'Dương Mỹ Tiên', '0913000010', 'nhanvien10@sportcourt.vn', DATE '1980-02-20', '30 Đường Nhân Viên, TP.HCM', SYSDATE, 0);

-- KHACH_HANG (10 rows)
INSERT INTO KHACH_HANG (MAKH, USER_ID, MA_HANG, TRANGTHAI, DOANH_THU, CREATED_AT, IS_DELETED) VALUES ('KH-1', 'USERS-1', 'HKH-1', 'ACTIVE', 0, SYSDATE, 0);
INSERT INTO KHACH_HANG (MAKH, USER_ID, MA_HANG, TRANGTHAI, DOANH_THU, CREATED_AT, IS_DELETED) VALUES ('KH-2', 'USERS-2', 'HKH-2', 'ACTIVE', 0, SYSDATE, 0);
INSERT INTO KHACH_HANG (MAKH, USER_ID, MA_HANG, TRANGTHAI, DOANH_THU, CREATED_AT, IS_DELETED) VALUES ('KH-3', 'USERS-3', 'HKH-3', 'ACTIVE', 0, SYSDATE, 0);
INSERT INTO KHACH_HANG (MAKH, USER_ID, MA_HANG, TRANGTHAI, DOANH_THU, CREATED_AT, IS_DELETED) VALUES ('KH-4', 'USERS-4', 'HKH-4', 'ACTIVE', 0, SYSDATE, 0);
INSERT INTO KHACH_HANG (MAKH, USER_ID, MA_HANG, TRANGTHAI, DOANH_THU, CREATED_AT, IS_DELETED) VALUES ('KH-5', 'USERS-5', 'HKH-5', 'ACTIVE', 0, SYSDATE, 0);
INSERT INTO KHACH_HANG (MAKH, USER_ID, MA_HANG, TRANGTHAI, DOANH_THU, CREATED_AT, IS_DELETED) VALUES ('KH-6', 'USERS-6', 'HKH-1', 'ACTIVE', 0, SYSDATE, 0);
INSERT INTO KHACH_HANG (MAKH, USER_ID, MA_HANG, TRANGTHAI, DOANH_THU, CREATED_AT, IS_DELETED) VALUES ('KH-7', 'USERS-7', 'HKH-2', 'ACTIVE', 0, SYSDATE, 0);
INSERT INTO KHACH_HANG (MAKH, USER_ID, MA_HANG, TRANGTHAI, DOANH_THU, CREATED_AT, IS_DELETED) VALUES ('KH-8', 'USERS-8', 'HKH-3', 'ACTIVE', 0, SYSDATE, 0);
INSERT INTO KHACH_HANG (MAKH, USER_ID, MA_HANG, TRANGTHAI, DOANH_THU, CREATED_AT, IS_DELETED) VALUES ('KH-9', 'USERS-9', 'HKH-4', 'ACTIVE', 0, SYSDATE, 0);
INSERT INTO KHACH_HANG (MAKH, USER_ID, MA_HANG, TRANGTHAI, DOANH_THU, CREATED_AT, IS_DELETED) VALUES ('KH-10', 'USERS-10', 'HKH-5', 'ACTIVE', 0, SYSDATE, 0);

-- NHAN_VIEN (10 rows)
INSERT INTO NHAN_VIEN (MANV, USER_ID, MALNV, MACN, NVL, CCCD, IS_QL, TRANG_THAI, CREATED_AT, IS_DELETED) VALUES ('NV-1', 'USERS-12', 'LNV-1', 'CN-2', DATE '2024-03-01', '079000000002', 1, 'ACTIVE', SYSDATE, 0);
INSERT INTO NHAN_VIEN (MANV, USER_ID, MALNV, MACN, NVL, CCCD, IS_QL, TRANG_THAI, CREATED_AT, IS_DELETED) VALUES ('NV-2', 'USERS-13', 'LNV-1', 'CN-3', DATE '2024-04-01', '079000000003', 1, 'ACTIVE', SYSDATE, 0);
INSERT INTO NHAN_VIEN (MANV, USER_ID, MALNV, MACN, NVL, CCCD, IS_QL, TRANG_THAI, CREATED_AT, IS_DELETED) VALUES ('NV-3', 'USERS-14', 'LNV-2', 'CN-3', DATE '2024-05-01', '079000000004', 0, 'ACTIVE', SYSDATE, 0);
INSERT INTO NHAN_VIEN (MANV, USER_ID, MALNV, MACN, NVL, CCCD, IS_QL, TRANG_THAI, CREATED_AT, IS_DELETED) VALUES ('NV-4', 'USERS-15', 'LNV-2', 'CN-2', DATE '2024-06-01', '079000000005', 0, 'ACTIVE', SYSDATE, 0);
INSERT INTO NHAN_VIEN (MANV, USER_ID, MALNV, MACN, NVL, CCCD, IS_QL, TRANG_THAI, CREATED_AT, IS_DELETED) VALUES ('NV-5', 'USERS-16', 'LNV-2', 'CN-1', DATE '2024-07-01', '079000000006', 0, 'ACTIVE', SYSDATE, 0);
INSERT INTO NHAN_VIEN (MANV, USER_ID, MALNV, MACN, NVL, CCCD, IS_QL, TRANG_THAI, CREATED_AT, IS_DELETED) VALUES ('NV-6', 'USERS-17', 'LNV-2', 'CN-1', DATE '2024-08-01', '079000000007', 0, 'ACTIVE', SYSDATE, 0);
INSERT INTO NHAN_VIEN (MANV, USER_ID, MALNV, MACN, NVL, CCCD, IS_QL, TRANG_THAI, CREATED_AT, IS_DELETED) VALUES ('NV-7', 'USERS-18', 'LNV-2', 'CN-2', DATE '2024-09-01', '079000000008', 0, 'ACTIVE', SYSDATE, 0);
INSERT INTO NHAN_VIEN (MANV, USER_ID, MALNV, MACN, NVL, CCCD, IS_QL, TRANG_THAI, CREATED_AT, IS_DELETED) VALUES ('NV-8', 'USERS-19', 'LNV-2', 'CN-2', DATE '2024-10-01', '079000000009', 0, 'ACTIVE', SYSDATE, 0);
INSERT INTO NHAN_VIEN (MANV, USER_ID, MALNV, MACN, NVL, CCCD, IS_QL, TRANG_THAI, CREATED_AT, IS_DELETED) VALUES ('NV-9', 'USERS-20', 'LNV-2', 'CN-1', DATE '2024-11-01', '079000000010', 0, 'ACTIVE', SYSDATE, 0);


-- ACCOUNT (20 rows)
INSERT INTO ACCOUNT (ACCOUNT_ID, USER_ID, USERNAME, PASSWORD_HASH, STATUS, CREATED_AT, IS_DELETED) VALUES ('ACC-1', 'USERS-1', '0912000001', '8d969eef6ecad3c29a3a629280e686cf0c3f5d5a86aff3ca12020c923adc6c92', 'ACTIVE', SYSDATE, 0);
INSERT INTO ACCOUNT (ACCOUNT_ID, USER_ID, USERNAME, PASSWORD_HASH, STATUS, CREATED_AT, IS_DELETED) VALUES ('ACC-2', 'USERS-2', '0912000002', '8d969eef6ecad3c29a3a629280e686cf0c3f5d5a86aff3ca12020c923adc6c92', 'ACTIVE', SYSDATE, 0);
INSERT INTO ACCOUNT (ACCOUNT_ID, USER_ID, USERNAME, PASSWORD_HASH, STATUS, CREATED_AT, IS_DELETED) VALUES ('ACC-3', 'USERS-3', '0912000003', '8d969eef6ecad3c29a3a629280e686cf0c3f5d5a86aff3ca12020c923adc6c92', 'ACTIVE', SYSDATE, 0);
INSERT INTO ACCOUNT (ACCOUNT_ID, USER_ID, USERNAME, PASSWORD_HASH, STATUS, CREATED_AT, IS_DELETED) VALUES ('ACC-4', 'USERS-4', '0912000004', '8d969eef6ecad3c29a3a629280e686cf0c3f5d5a86aff3ca12020c923adc6c92', 'ACTIVE', SYSDATE, 0);
INSERT INTO ACCOUNT (ACCOUNT_ID, USER_ID, USERNAME, PASSWORD_HASH, STATUS, CREATED_AT, IS_DELETED) VALUES ('ACC-5', 'USERS-5', '0912000005', '8d969eef6ecad3c29a3a629280e686cf0c3f5d5a86aff3ca12020c923adc6c92', 'ACTIVE', SYSDATE, 0);
INSERT INTO ACCOUNT (ACCOUNT_ID, USER_ID, USERNAME, PASSWORD_HASH, STATUS, CREATED_AT, IS_DELETED) VALUES ('ACC-6', 'USERS-6', '0912000006', '8d969eef6ecad3c29a3a629280e686cf0c3f5d5a86aff3ca12020c923adc6c92', 'ACTIVE', SYSDATE, 0);
INSERT INTO ACCOUNT (ACCOUNT_ID, USER_ID, USERNAME, PASSWORD_HASH, STATUS, CREATED_AT, IS_DELETED) VALUES ('ACC-7', 'USERS-7', '0912000007', '8d969eef6ecad3c29a3a629280e686cf0c3f5d5a86aff3ca12020c923adc6c92', 'ACTIVE', SYSDATE, 0);
INSERT INTO ACCOUNT (ACCOUNT_ID, USER_ID, USERNAME, PASSWORD_HASH, STATUS, CREATED_AT, IS_DELETED) VALUES ('ACC-8', 'USERS-8', '0912000008', '8d969eef6ecad3c29a3a629280e686cf0c3f5d5a86aff3ca12020c923adc6c92', 'ACTIVE', SYSDATE, 0);
INSERT INTO ACCOUNT (ACCOUNT_ID, USER_ID, USERNAME, PASSWORD_HASH, STATUS, CREATED_AT, IS_DELETED) VALUES ('ACC-9', 'USERS-9', '0912000009', '8d969eef6ecad3c29a3a629280e686cf0c3f5d5a86aff3ca12020c923adc6c92', 'ACTIVE', SYSDATE, 0);
INSERT INTO ACCOUNT (ACCOUNT_ID, USER_ID, USERNAME, PASSWORD_HASH, STATUS, CREATED_AT, IS_DELETED) VALUES ('ACC-10', 'USERS-10', '0912000010', '8d969eef6ecad3c29a3a629280e686cf0c3f5d5a86aff3ca12020c923adc6c92', 'ACTIVE', SYSDATE, 0);
INSERT INTO ACCOUNT (ACCOUNT_ID, USER_ID, USERNAME, PASSWORD_HASH, STATUS, CREATED_AT, IS_DELETED) VALUES ('ACC-11', 'USERS-11', '0919008669', '8d969eef6ecad3c29a3a629280e686cf0c3f5d5a86aff3ca12020c923adc6c92', 'ACTIVE', SYSDATE, 0);
INSERT INTO ACCOUNT (ACCOUNT_ID, USER_ID, USERNAME, PASSWORD_HASH, STATUS, CREATED_AT, IS_DELETED) VALUES ('ACC-12', 'USERS-12', '0913000002', '8d969eef6ecad3c29a3a629280e686cf0c3f5d5a86aff3ca12020c923adc6c92', 'ACTIVE', SYSDATE, 0);
INSERT INTO ACCOUNT (ACCOUNT_ID, USER_ID, USERNAME, PASSWORD_HASH, STATUS, CREATED_AT, IS_DELETED) VALUES ('ACC-13', 'USERS-13', '0913000003', '8d969eef6ecad3c29a3a629280e686cf0c3f5d5a86aff3ca12020c923adc6c92', 'ACTIVE', SYSDATE, 0);
INSERT INTO ACCOUNT (ACCOUNT_ID, USER_ID, USERNAME, PASSWORD_HASH, STATUS, CREATED_AT, IS_DELETED) VALUES ('ACC-14', 'USERS-14', '0913000004', '8d969eef6ecad3c29a3a629280e686cf0c3f5d5a86aff3ca12020c923adc6c92', 'ACTIVE', SYSDATE, 0);
INSERT INTO ACCOUNT (ACCOUNT_ID, USER_ID, USERNAME, PASSWORD_HASH, STATUS, CREATED_AT, IS_DELETED) VALUES ('ACC-15', 'USERS-15', '0913000005', '8d969eef6ecad3c29a3a629280e686cf0c3f5d5a86aff3ca12020c923adc6c92', 'ACTIVE', SYSDATE, 0);
INSERT INTO ACCOUNT (ACCOUNT_ID, USER_ID, USERNAME, PASSWORD_HASH, STATUS, CREATED_AT, IS_DELETED) VALUES ('ACC-16', 'USERS-16', '0913000006', '8d969eef6ecad3c29a3a629280e686cf0c3f5d5a86aff3ca12020c923adc6c92', 'ACTIVE', SYSDATE, 0);
INSERT INTO ACCOUNT (ACCOUNT_ID, USER_ID, USERNAME, PASSWORD_HASH, STATUS, CREATED_AT, IS_DELETED) VALUES ('ACC-17', 'USERS-17', '0913000007', '8d969eef6ecad3c29a3a629280e686cf0c3f5d5a86aff3ca12020c923adc6c92', 'ACTIVE', SYSDATE, 0);
INSERT INTO ACCOUNT (ACCOUNT_ID, USER_ID, USERNAME, PASSWORD_HASH, STATUS, CREATED_AT, IS_DELETED) VALUES ('ACC-18', 'USERS-18', '0913000008', '8d969eef6ecad3c29a3a629280e686cf0c3f5d5a86aff3ca12020c923adc6c92', 'ACTIVE', SYSDATE, 0);
INSERT INTO ACCOUNT (ACCOUNT_ID, USER_ID, USERNAME, PASSWORD_HASH, STATUS, CREATED_AT, IS_DELETED) VALUES ('ACC-19', 'USERS-19', '0913000009', '8d969eef6ecad3c29a3a629280e686cf0c3f5d5a86aff3ca12020c923adc6c92', 'ACTIVE', SYSDATE, 0);
INSERT INTO ACCOUNT (ACCOUNT_ID, USER_ID, USERNAME, PASSWORD_HASH, STATUS, CREATED_AT, IS_DELETED) VALUES ('ACC-20', 'USERS-20', '0913000010', '8d969eef6ecad3c29a3a629280e686cf0c3f5d5a86aff3ca12020c923adc6c92', 'ACTIVE', SYSDATE, 0);

-- ACCOUNT_TOKEN (10 rows)
INSERT INTO ACCOUNT_TOKEN (TOKEN_ID, ACCOUNT_ID, TOKEN_VALUE, EXPIRED_AT, ISSUED_AT, IS_REVOKED, CREATED_AT, IS_DELETED) VALUES ('ACCTK-1', 'ACC-1', 'seed-token-01', DATE '2026-12-01', DATE '2026-05-01', 'NO', SYSDATE, 0);
INSERT INTO ACCOUNT_TOKEN (TOKEN_ID, ACCOUNT_ID, TOKEN_VALUE, EXPIRED_AT, ISSUED_AT, IS_REVOKED, CREATED_AT, IS_DELETED) VALUES ('ACCTK-2', 'ACC-2', 'seed-token-02', DATE '2026-12-02', DATE '2026-05-02', 'NO', SYSDATE, 0);
INSERT INTO ACCOUNT_TOKEN (TOKEN_ID, ACCOUNT_ID, TOKEN_VALUE, EXPIRED_AT, ISSUED_AT, IS_REVOKED, CREATED_AT, IS_DELETED) VALUES ('ACCTK-3', 'ACC-3', 'seed-token-03', DATE '2026-12-03', DATE '2026-05-03', 'NO', SYSDATE, 0);
INSERT INTO ACCOUNT_TOKEN (TOKEN_ID, ACCOUNT_ID, TOKEN_VALUE, EXPIRED_AT, ISSUED_AT, IS_REVOKED, CREATED_AT, IS_DELETED) VALUES ('ACCTK-4', 'ACC-4', 'seed-token-04', DATE '2026-12-04', DATE '2026-05-04', 'NO', SYSDATE, 0);
INSERT INTO ACCOUNT_TOKEN (TOKEN_ID, ACCOUNT_ID, TOKEN_VALUE, EXPIRED_AT, ISSUED_AT, IS_REVOKED, CREATED_AT, IS_DELETED) VALUES ('ACCTK-5', 'ACC-5', 'seed-token-05', DATE '2026-12-05', DATE '2026-05-05', 'NO', SYSDATE, 0);
INSERT INTO ACCOUNT_TOKEN (TOKEN_ID, ACCOUNT_ID, TOKEN_VALUE, EXPIRED_AT, ISSUED_AT, IS_REVOKED, CREATED_AT, IS_DELETED) VALUES ('ACCTK-6', 'ACC-6', 'seed-token-06', DATE '2026-12-06', DATE '2026-05-06', 'NO', SYSDATE, 0);
INSERT INTO ACCOUNT_TOKEN (TOKEN_ID, ACCOUNT_ID, TOKEN_VALUE, EXPIRED_AT, ISSUED_AT, IS_REVOKED, CREATED_AT, IS_DELETED) VALUES ('ACCTK-7', 'ACC-7', 'seed-token-07', DATE '2026-12-07', DATE '2026-05-07', 'NO', SYSDATE, 0);
INSERT INTO ACCOUNT_TOKEN (TOKEN_ID, ACCOUNT_ID, TOKEN_VALUE, EXPIRED_AT, ISSUED_AT, IS_REVOKED, CREATED_AT, IS_DELETED) VALUES ('ACCTK-8', 'ACC-8', 'seed-token-08', DATE '2026-12-08', DATE '2026-05-08', 'NO', SYSDATE, 0);
INSERT INTO ACCOUNT_TOKEN (TOKEN_ID, ACCOUNT_ID, TOKEN_VALUE, EXPIRED_AT, ISSUED_AT, IS_REVOKED, CREATED_AT, IS_DELETED) VALUES ('ACCTK-9', 'ACC-9', 'seed-token-09', DATE '2026-12-09', DATE '2026-05-09', 'NO', SYSDATE, 0);
INSERT INTO ACCOUNT_TOKEN (TOKEN_ID, ACCOUNT_ID, TOKEN_VALUE, EXPIRED_AT, ISSUED_AT, IS_REVOKED, CREATED_AT, IS_DELETED) VALUES ('ACCTK-10', 'ACC-10', 'seed-token-10', DATE '2026-12-10', DATE '2026-05-10', 'NO', SYSDATE, 0);


-- ACCOUNT_ROLE_GROUP (20 rows)
INSERT INTO ACCOUNT_ROLE_GROUP (ACCOUNT_ROLE_GROUP_ID, ACCOUNT_ID, GROUP_ID, CREATED_AT, IS_DELETED) VALUES ('ACCRGR-1', 'ACC-1', 'RG-4', SYSDATE, 0);
INSERT INTO ACCOUNT_ROLE_GROUP (ACCOUNT_ROLE_GROUP_ID, ACCOUNT_ID, GROUP_ID, CREATED_AT, IS_DELETED) VALUES ('ACCRGR-2', 'ACC-2', 'RG-4', SYSDATE, 0);
INSERT INTO ACCOUNT_ROLE_GROUP (ACCOUNT_ROLE_GROUP_ID, ACCOUNT_ID, GROUP_ID, CREATED_AT, IS_DELETED) VALUES ('ACCRGR-3', 'ACC-3', 'RG-4', SYSDATE, 0);
INSERT INTO ACCOUNT_ROLE_GROUP (ACCOUNT_ROLE_GROUP_ID, ACCOUNT_ID, GROUP_ID, CREATED_AT, IS_DELETED) VALUES ('ACCRGR-4', 'ACC-4', 'RG-4', SYSDATE, 0);
INSERT INTO ACCOUNT_ROLE_GROUP (ACCOUNT_ROLE_GROUP_ID, ACCOUNT_ID, GROUP_ID, CREATED_AT, IS_DELETED) VALUES ('ACCRGR-5', 'ACC-5', 'RG-4', SYSDATE, 0);
INSERT INTO ACCOUNT_ROLE_GROUP (ACCOUNT_ROLE_GROUP_ID, ACCOUNT_ID, GROUP_ID, CREATED_AT, IS_DELETED) VALUES ('ACCRGR-6', 'ACC-6', 'RG-4', SYSDATE, 0);
INSERT INTO ACCOUNT_ROLE_GROUP (ACCOUNT_ROLE_GROUP_ID, ACCOUNT_ID, GROUP_ID, CREATED_AT, IS_DELETED) VALUES ('ACCRGR-7', 'ACC-7', 'RG-4', SYSDATE, 0);
INSERT INTO ACCOUNT_ROLE_GROUP (ACCOUNT_ROLE_GROUP_ID, ACCOUNT_ID, GROUP_ID, CREATED_AT, IS_DELETED) VALUES ('ACCRGR-8', 'ACC-8', 'RG-4', SYSDATE, 0);
INSERT INTO ACCOUNT_ROLE_GROUP (ACCOUNT_ROLE_GROUP_ID, ACCOUNT_ID, GROUP_ID, CREATED_AT, IS_DELETED) VALUES ('ACCRGR-9', 'ACC-9', 'RG-4', SYSDATE, 0);
INSERT INTO ACCOUNT_ROLE_GROUP (ACCOUNT_ROLE_GROUP_ID, ACCOUNT_ID, GROUP_ID, CREATED_AT, IS_DELETED) VALUES ('ACCRGR-10', 'ACC-10', 'RG-4', SYSDATE, 0);
INSERT INTO ACCOUNT_ROLE_GROUP (ACCOUNT_ROLE_GROUP_ID, ACCOUNT_ID, GROUP_ID, CREATED_AT, IS_DELETED) VALUES ('ACCRGR-11', 'ACC-11', 'RG-1', SYSDATE, 0);
INSERT INTO ACCOUNT_ROLE_GROUP (ACCOUNT_ROLE_GROUP_ID, ACCOUNT_ID, GROUP_ID, CREATED_AT, IS_DELETED) VALUES ('ACCRGR-12', 'ACC-12', 'RG-2', SYSDATE, 0);
INSERT INTO ACCOUNT_ROLE_GROUP (ACCOUNT_ROLE_GROUP_ID, ACCOUNT_ID, GROUP_ID, CREATED_AT, IS_DELETED) VALUES ('ACCRGR-13', 'ACC-13', 'RG-2', SYSDATE, 0);
INSERT INTO ACCOUNT_ROLE_GROUP (ACCOUNT_ROLE_GROUP_ID, ACCOUNT_ID, GROUP_ID, CREATED_AT, IS_DELETED) VALUES ('ACCRGR-14', 'ACC-14', 'RG-3', SYSDATE, 0);
INSERT INTO ACCOUNT_ROLE_GROUP (ACCOUNT_ROLE_GROUP_ID, ACCOUNT_ID, GROUP_ID, CREATED_AT, IS_DELETED) VALUES ('ACCRGR-15', 'ACC-15', 'RG-3', SYSDATE, 0);
INSERT INTO ACCOUNT_ROLE_GROUP (ACCOUNT_ROLE_GROUP_ID, ACCOUNT_ID, GROUP_ID, CREATED_AT, IS_DELETED) VALUES ('ACCRGR-16', 'ACC-16', 'RG-3', SYSDATE, 0);
INSERT INTO ACCOUNT_ROLE_GROUP (ACCOUNT_ROLE_GROUP_ID, ACCOUNT_ID, GROUP_ID, CREATED_AT, IS_DELETED) VALUES ('ACCRGR-17', 'ACC-17', 'RG-3', SYSDATE, 0);
INSERT INTO ACCOUNT_ROLE_GROUP (ACCOUNT_ROLE_GROUP_ID, ACCOUNT_ID, GROUP_ID, CREATED_AT, IS_DELETED) VALUES ('ACCRGR-18', 'ACC-18', 'RG-3', SYSDATE, 0);
INSERT INTO ACCOUNT_ROLE_GROUP (ACCOUNT_ROLE_GROUP_ID, ACCOUNT_ID, GROUP_ID, CREATED_AT, IS_DELETED) VALUES ('ACCRGR-19', 'ACC-19', 'RG-3', SYSDATE, 0);
INSERT INTO ACCOUNT_ROLE_GROUP (ACCOUNT_ROLE_GROUP_ID, ACCOUNT_ID, GROUP_ID, CREATED_AT, IS_DELETED) VALUES ('ACCRGR-20', 'ACC-20', 'RG-3', SYSDATE, 0);

-- ACCOUNT_ROLE (20 rows)
INSERT INTO ACCOUNT_ROLE (ACCOUNT_ROLE_ID, ACCOUNT_ID, ROLE_ID, CREATED_AT, IS_DELETED) VALUES ('ACCR-1', 'ACC-1', 'ROLE-54', SYSDATE, 0);
INSERT INTO ACCOUNT_ROLE (ACCOUNT_ROLE_ID, ACCOUNT_ID, ROLE_ID, CREATED_AT, IS_DELETED) VALUES ('ACCR-2', 'ACC-2', 'ROLE-54', SYSDATE, 0);
INSERT INTO ACCOUNT_ROLE (ACCOUNT_ROLE_ID, ACCOUNT_ID, ROLE_ID, CREATED_AT, IS_DELETED) VALUES ('ACCR-3', 'ACC-3', 'ROLE-54', SYSDATE, 0);
INSERT INTO ACCOUNT_ROLE (ACCOUNT_ROLE_ID, ACCOUNT_ID, ROLE_ID, CREATED_AT, IS_DELETED) VALUES ('ACCR-4', 'ACC-4', 'ROLE-54', SYSDATE, 0);
INSERT INTO ACCOUNT_ROLE (ACCOUNT_ROLE_ID, ACCOUNT_ID, ROLE_ID, CREATED_AT, IS_DELETED) VALUES ('ACCR-5', 'ACC-5', 'ROLE-54', SYSDATE, 0);
INSERT INTO ACCOUNT_ROLE (ACCOUNT_ROLE_ID, ACCOUNT_ID, ROLE_ID, CREATED_AT, IS_DELETED) VALUES ('ACCR-6', 'ACC-6', 'ROLE-54', SYSDATE, 0);
INSERT INTO ACCOUNT_ROLE (ACCOUNT_ROLE_ID, ACCOUNT_ID, ROLE_ID, CREATED_AT, IS_DELETED) VALUES ('ACCR-7', 'ACC-7', 'ROLE-54', SYSDATE, 0);
INSERT INTO ACCOUNT_ROLE (ACCOUNT_ROLE_ID, ACCOUNT_ID, ROLE_ID, CREATED_AT, IS_DELETED) VALUES ('ACCR-8', 'ACC-8', 'ROLE-54', SYSDATE, 0);
INSERT INTO ACCOUNT_ROLE (ACCOUNT_ROLE_ID, ACCOUNT_ID, ROLE_ID, CREATED_AT, IS_DELETED) VALUES ('ACCR-9', 'ACC-9', 'ROLE-54', SYSDATE, 0);
INSERT INTO ACCOUNT_ROLE (ACCOUNT_ROLE_ID, ACCOUNT_ID, ROLE_ID, CREATED_AT, IS_DELETED) VALUES ('ACCR-10', 'ACC-10', 'ROLE-54', SYSDATE, 0);
INSERT INTO ACCOUNT_ROLE (ACCOUNT_ROLE_ID, ACCOUNT_ID, ROLE_ID, CREATED_AT, IS_DELETED) VALUES ('ACCR-11', 'ACC-11', 'ROLE-17', SYSDATE, 0);
INSERT INTO ACCOUNT_ROLE (ACCOUNT_ROLE_ID, ACCOUNT_ID, ROLE_ID, CREATED_AT, IS_DELETED) VALUES ('ACCR-12', 'ACC-12', 'ROLE-25', SYSDATE, 0);
INSERT INTO ACCOUNT_ROLE (ACCOUNT_ROLE_ID, ACCOUNT_ID, ROLE_ID, CREATED_AT, IS_DELETED) VALUES ('ACCR-13', 'ACC-13', 'ROLE-25', SYSDATE, 0);
INSERT INTO ACCOUNT_ROLE (ACCOUNT_ROLE_ID, ACCOUNT_ID, ROLE_ID, CREATED_AT, IS_DELETED) VALUES ('ACCR-14', 'ACC-14', 'ROLE-43', SYSDATE, 0);
INSERT INTO ACCOUNT_ROLE (ACCOUNT_ROLE_ID, ACCOUNT_ID, ROLE_ID, CREATED_AT, IS_DELETED) VALUES ('ACCR-15', 'ACC-15', 'ROLE-43', SYSDATE, 0);
INSERT INTO ACCOUNT_ROLE (ACCOUNT_ROLE_ID, ACCOUNT_ID, ROLE_ID, CREATED_AT, IS_DELETED) VALUES ('ACCR-16', 'ACC-16', 'ROLE-43', SYSDATE, 0);
INSERT INTO ACCOUNT_ROLE (ACCOUNT_ROLE_ID, ACCOUNT_ID, ROLE_ID, CREATED_AT, IS_DELETED) VALUES ('ACCR-17', 'ACC-17', 'ROLE-43', SYSDATE, 0);
INSERT INTO ACCOUNT_ROLE (ACCOUNT_ROLE_ID, ACCOUNT_ID, ROLE_ID, CREATED_AT, IS_DELETED) VALUES ('ACCR-18', 'ACC-18', 'ROLE-43', SYSDATE, 0);
INSERT INTO ACCOUNT_ROLE (ACCOUNT_ROLE_ID, ACCOUNT_ID, ROLE_ID, CREATED_AT, IS_DELETED) VALUES ('ACCR-19', 'ACC-19', 'ROLE-43', SYSDATE, 0);
INSERT INTO ACCOUNT_ROLE (ACCOUNT_ROLE_ID, ACCOUNT_ID, ROLE_ID, CREATED_AT, IS_DELETED) VALUES ('ACCR-20', 'ACC-20', 'ROLE-43', SYSDATE, 0);

COMMIT;

-- ============================================================
-- Tài khoản đăng nhập mẫu:
--   / / 123456
--   quanly01, quanly02 / 123456
--   thungan01..thungan07 / 123456
--   khachhang01..khachhang10 / 123456
-- ============================================================
