-- ============================================================
-- Chuẩn hóa ID theo file ID(1).xlsx và tạo dữ liệu mẫu cho hệ thống đặt sân.
-- Mật khẩu mặc định cho mọi ACCOUNT: 123456
-- PASSWORD_HASH = SHA-256('123456') = 8d969eef6ecad3c29a3a629280e686cf0c3f5d5a86aff3ca12020c923adc6c92
-- Encoding: UTF-8
-- ============================================================
BEGIN
    DBMS_SESSION.RESET_PACKAGE;
END;
/
-- SET DEFINE OFF;
-- DELETE FROM ACCOUNT_TOKEN;
-- DELETE FROM ACCOUNT_ROLE;
-- DELETE FROM ACCOUNT_ROLE_GROUP;
-- DELETE FROM ACCOUNT_ROLE_GROUP_MAPPING;
--
-- DELETE FROM CHI_TIET_HOA_DON_THUE_SAN;
-- DELETE FROM CHI_TIET_HOA_DON_DICH_VU_DA_DUNG;
--
-- DELETE FROM CHI_TIET_NHAP_HANG;
-- DELETE FROM CHI_TIET_NHAP_DUNG_CU;
--
-- DELETE FROM HOA_DON;
-- DELETE FROM NHAP_HANG;
-- DELETE FROM DOANH_THU;
--
-- DELETE FROM ACCOUNT;
--
-- DELETE FROM KHACH_HANG;
-- DELETE FROM NHAN_VIEN;
--
-- DELETE FROM BANG_GIA;
-- DELETE FROM SAN_CON;
-- DELETE FROM KHU_VUC;
--
-- DELETE FROM SAN_PHAM;
-- DELETE FROM DUNG_CU_THE_THAO;
--
-- DELETE FROM NHA_CUNG_CAP;
-- DELETE FROM LOAI_NHAN_VIEN;
-- DELETE FROM HANG_KHACH_HANG;
--
-- DELETE FROM CHI_NHANH;
-- DELETE FROM LOAI_THE_THAO;
--
-- DELETE FROM ROLE;
-- DELETE FROM ROLE_GROUP;
-- DELETE FROM FUNCTIONS;
--
-- DELETE FROM USERS;
--
-- COMMIT;
-- CLEANUP: dùng khi database đã có seed cũ/sai ID. Xóa theo thứ tự phụ thuộc khóa ngoại.


-- ============================================================
-- 1. PHÂN QUYỀN / TÀI KHOẢN
-- ============================================================
-- FUNCTIONS (20 rows)
INSERT INTO FUNCTIONS (FUNCTION_ID, NAME_FUNCTION, CREATED_AT, IS_DELETED) VALUES ('FUNCTION-1', 'Dashboard', SYSDATE, 0);
INSERT INTO FUNCTIONS (FUNCTION_ID, NAME_FUNCTION, CREATED_AT, IS_DELETED) VALUES ('FUNCTION-2', 'Quản lý chi nhánh', SYSDATE, 0);
INSERT INTO FUNCTIONS (FUNCTION_ID, NAME_FUNCTION, CREATED_AT, IS_DELETED) VALUES ('FUNCTION-3', 'Quản lý khu vực', SYSDATE, 0);
INSERT INTO FUNCTIONS (FUNCTION_ID, NAME_FUNCTION, CREATED_AT, IS_DELETED) VALUES ('FUNCTION-4', 'Quản lý sân con', SYSDATE, 0);
INSERT INTO FUNCTIONS (FUNCTION_ID, NAME_FUNCTION, CREATED_AT, IS_DELETED) VALUES ('FUNCTION-5', 'Quản lý bảng giá', SYSDATE, 0);
INSERT INTO FUNCTIONS (FUNCTION_ID, NAME_FUNCTION, CREATED_AT, IS_DELETED) VALUES ('FUNCTION-6', 'Quản lý đặt sân', SYSDATE, 0);
INSERT INTO FUNCTIONS (FUNCTION_ID, NAME_FUNCTION, CREATED_AT, IS_DELETED) VALUES ('FUNCTION-7', 'Quản lý hóa đơn', SYSDATE, 0);
INSERT INTO FUNCTIONS (FUNCTION_ID, NAME_FUNCTION, CREATED_AT, IS_DELETED) VALUES ('FUNCTION-8', 'Cung cấp dịch vụ', SYSDATE, 0);
INSERT INTO FUNCTIONS (FUNCTION_ID, NAME_FUNCTION, CREATED_AT, IS_DELETED) VALUES ('FUNCTION-9', 'Quản lý khách hàng', SYSDATE, 0);
INSERT INTO FUNCTIONS (FUNCTION_ID, NAME_FUNCTION, CREATED_AT, IS_DELETED) VALUES ('FUNCTION-10', 'Quản lý hạng khách hàng', SYSDATE, 0);
INSERT INTO FUNCTIONS (FUNCTION_ID, NAME_FUNCTION, CREATED_AT, IS_DELETED) VALUES ('FUNCTION-11', 'Quản lý nhân viên', SYSDATE, 0);
INSERT INTO FUNCTIONS (FUNCTION_ID, NAME_FUNCTION, CREATED_AT, IS_DELETED) VALUES ('FUNCTION-12', 'Quản lý sản phẩm', SYSDATE, 0);
INSERT INTO FUNCTIONS (FUNCTION_ID, NAME_FUNCTION, CREATED_AT, IS_DELETED) VALUES ('FUNCTION-13', 'Quản lý dụng cụ thể thao', SYSDATE, 0);
INSERT INTO FUNCTIONS (FUNCTION_ID, NAME_FUNCTION, CREATED_AT, IS_DELETED) VALUES ('FUNCTION-14', 'Quản lý nhập hàng', SYSDATE, 0);
INSERT INTO FUNCTIONS (FUNCTION_ID, NAME_FUNCTION, CREATED_AT, IS_DELETED) VALUES ('FUNCTION-15', 'Quản lý nhà cung cấp', SYSDATE, 0);
INSERT INTO FUNCTIONS (FUNCTION_ID, NAME_FUNCTION, CREATED_AT, IS_DELETED) VALUES ('FUNCTION-16', 'Quản lý tài chính / doanh thu', SYSDATE, 0);
INSERT INTO FUNCTIONS (FUNCTION_ID, NAME_FUNCTION, CREATED_AT, IS_DELETED) VALUES ('FUNCTION-17', 'Quản lý tài khoản', SYSDATE, 0);
INSERT INTO FUNCTIONS (FUNCTION_ID, NAME_FUNCTION, CREATED_AT, IS_DELETED) VALUES ('FUNCTION-18', 'Hồ sơ cá nhân', SYSDATE, 0);
INSERT INTO FUNCTIONS (FUNCTION_ID, NAME_FUNCTION, CREATED_AT, IS_DELETED) VALUES ('FUNCTION-19', 'Đặt sân khách hàng', SYSDATE, 0);
INSERT INTO FUNCTIONS (FUNCTION_ID, NAME_FUNCTION, CREATED_AT, IS_DELETED) VALUES ('FUNCTION-20', 'Quản lý loại thể thao', SYSDATE, 0);

-- ROLE_GROUP (4 rows)
INSERT INTO ROLE_GROUP (GROUP_ID, GROUP_NAME, DESCRIPTION, CREATED_AT, IS_DELETED) VALUES ('RG-1', 'Chủ sân', 'Toàn quyền hệ thống; phạm vi: mọi chi nhánh', SYSDATE, 0);
INSERT INTO ROLE_GROUP (GROUP_ID, GROUP_NAME, DESCRIPTION, CREATED_AT, IS_DELETED) VALUES ('RG-2', 'Quản lý chi nhánh', 'Vận hành trong chi nhánh; phạm vi: MACN của nhân viên', SYSDATE, 0);
INSERT INTO ROLE_GROUP (GROUP_ID, GROUP_NAME, DESCRIPTION, CREATED_AT, IS_DELETED) VALUES ('RG-3', 'Nhân viên thu ngân', 'Nghiệp vụ quầy; phạm vi: MACN', SYSDATE, 0);
INSERT INTO ROLE_GROUP (GROUP_ID, GROUP_NAME, DESCRIPTION, CREATED_AT, IS_DELETED) VALUES ('RG-4', 'Khách hàng', 'Tự đặt sân, xem lịch sử; phạm vi: MAKH bản thân', SYSDATE, 0);

-- ROLE (54 rows)
INSERT INTO ROLE (ROLE_ID, FUNCTION_ID, ROLE_NAME, CAN_ADD, CAN_EDIT, CAN_DELETE, CAN_DOWNLOAD, CAN_VIEW, CREATED_AT, IS_DELETED) VALUES ('ROLE-1', 'FUNCTION-1', 'OWNER_DASHBOARD', 0, 0, 0, 0, 1, SYSDATE, 0);
INSERT INTO ROLE (ROLE_ID, FUNCTION_ID, ROLE_NAME, CAN_ADD, CAN_EDIT, CAN_DELETE, CAN_DOWNLOAD, CAN_VIEW, CREATED_AT, IS_DELETED) VALUES ('ROLE-2', 'FUNCTION-2', 'OWNER_BRANCH_MANAGEMENT', 1, 1, 1, 1, 1, SYSDATE, 0);
INSERT INTO ROLE (ROLE_ID, FUNCTION_ID, ROLE_NAME, CAN_ADD, CAN_EDIT, CAN_DELETE, CAN_DOWNLOAD, CAN_VIEW, CREATED_AT, IS_DELETED) VALUES ('ROLE-3', 'FUNCTION-3', 'OWNER_AREA_MANAGEMENT', 1, 1, 1, 1, 1, SYSDATE, 0);
INSERT INTO ROLE (ROLE_ID, FUNCTION_ID, ROLE_NAME, CAN_ADD, CAN_EDIT, CAN_DELETE, CAN_DOWNLOAD, CAN_VIEW, CREATED_AT, IS_DELETED) VALUES ('ROLE-4', 'FUNCTION-4', 'OWNER_COURT_MANAGEMENT', 1, 1, 1, 1, 1, SYSDATE, 0);
INSERT INTO ROLE (ROLE_ID, FUNCTION_ID, ROLE_NAME, CAN_ADD, CAN_EDIT, CAN_DELETE, CAN_DOWNLOAD, CAN_VIEW, CREATED_AT, IS_DELETED) VALUES ('ROLE-5', 'FUNCTION-5', 'OWNER_PRICE_MANAGEMENT', 1, 1, 1, 1, 1, SYSDATE, 0);
INSERT INTO ROLE (ROLE_ID, FUNCTION_ID, ROLE_NAME, CAN_ADD, CAN_EDIT, CAN_DELETE, CAN_DOWNLOAD, CAN_VIEW, CREATED_AT, IS_DELETED) VALUES ('ROLE-6', 'FUNCTION-6', 'OWNER_BOOKING_MANAGEMENT', 1, 1, 1, 1, 1, SYSDATE, 0);
INSERT INTO ROLE (ROLE_ID, FUNCTION_ID, ROLE_NAME, CAN_ADD, CAN_EDIT, CAN_DELETE, CAN_DOWNLOAD, CAN_VIEW, CREATED_AT, IS_DELETED) VALUES ('ROLE-7', 'FUNCTION-7', 'OWNER_INVOICE_MANAGEMENT', 1, 1, 1, 1, 1, SYSDATE, 0);
INSERT INTO ROLE (ROLE_ID, FUNCTION_ID, ROLE_NAME, CAN_ADD, CAN_EDIT, CAN_DELETE, CAN_DOWNLOAD, CAN_VIEW, CREATED_AT, IS_DELETED) VALUES ('ROLE-8', 'FUNCTION-8', 'OWNER_SERVICE_MANAGEMENT', 1, 1, 1, 1, 1, SYSDATE, 0);
INSERT INTO ROLE (ROLE_ID, FUNCTION_ID, ROLE_NAME, CAN_ADD, CAN_EDIT, CAN_DELETE, CAN_DOWNLOAD, CAN_VIEW, CREATED_AT, IS_DELETED) VALUES ('ROLE-9', 'FUNCTION-9', 'OWNER_CUSTOMER_MANAGEMENT', 1, 1, 1, 1, 1, SYSDATE, 0);
INSERT INTO ROLE (ROLE_ID, FUNCTION_ID, ROLE_NAME, CAN_ADD, CAN_EDIT, CAN_DELETE, CAN_DOWNLOAD, CAN_VIEW, CREATED_AT, IS_DELETED) VALUES ('ROLE-10', 'FUNCTION-10', 'OWNER_CUSTOMER_RANK_MANAGEMENT', 1, 1, 1, 1, 1, SYSDATE, 0);
INSERT INTO ROLE (ROLE_ID, FUNCTION_ID, ROLE_NAME, CAN_ADD, CAN_EDIT, CAN_DELETE, CAN_DOWNLOAD, CAN_VIEW, CREATED_AT, IS_DELETED) VALUES ('ROLE-11', 'FUNCTION-11', 'OWNER_EMPLOYEE_MANAGEMENT', 1, 1, 1, 1, 1, SYSDATE, 0);
INSERT INTO ROLE (ROLE_ID, FUNCTION_ID, ROLE_NAME, CAN_ADD, CAN_EDIT, CAN_DELETE, CAN_DOWNLOAD, CAN_VIEW, CREATED_AT, IS_DELETED) VALUES ('ROLE-12', 'FUNCTION-12', 'OWNER_PRODUCT_MANAGEMENT', 1, 1, 1, 1, 1, SYSDATE, 0);
INSERT INTO ROLE (ROLE_ID, FUNCTION_ID, ROLE_NAME, CAN_ADD, CAN_EDIT, CAN_DELETE, CAN_DOWNLOAD, CAN_VIEW, CREATED_AT, IS_DELETED) VALUES ('ROLE-13', 'FUNCTION-13', 'OWNER_EQUIPMENT_MANAGEMENT', 1, 1, 1, 1, 1, SYSDATE, 0);
INSERT INTO ROLE (ROLE_ID, FUNCTION_ID, ROLE_NAME, CAN_ADD, CAN_EDIT, CAN_DELETE, CAN_DOWNLOAD, CAN_VIEW, CREATED_AT, IS_DELETED) VALUES ('ROLE-14', 'FUNCTION-14', 'OWNER_IMPORT_MANAGEMENT', 1, 1, 1, 1, 1, SYSDATE, 0);
INSERT INTO ROLE (ROLE_ID, FUNCTION_ID, ROLE_NAME, CAN_ADD, CAN_EDIT, CAN_DELETE, CAN_DOWNLOAD, CAN_VIEW, CREATED_AT, IS_DELETED) VALUES ('ROLE-15', 'FUNCTION-15', 'OWNER_SUPPLIER_MANAGEMENT', 1, 1, 1, 1, 1, SYSDATE, 0);
INSERT INTO ROLE (ROLE_ID, FUNCTION_ID, ROLE_NAME, CAN_ADD, CAN_EDIT, CAN_DELETE, CAN_DOWNLOAD, CAN_VIEW, CREATED_AT, IS_DELETED) VALUES ('ROLE-16', 'FUNCTION-16', 'OWNER_REVENUE_MANAGEMENT', 1, 1, 1, 1, 1, SYSDATE, 0);
INSERT INTO ROLE (ROLE_ID, FUNCTION_ID, ROLE_NAME, CAN_ADD, CAN_EDIT, CAN_DELETE, CAN_DOWNLOAD, CAN_VIEW, CREATED_AT, IS_DELETED) VALUES ('ROLE-17', 'FUNCTION-17', 'OWNER_ACCOUNT_MANAGEMENT', 1, 1, 1, 1, 1, SYSDATE, 0);
INSERT INTO ROLE (ROLE_ID, FUNCTION_ID, ROLE_NAME, CAN_ADD, CAN_EDIT, CAN_DELETE, CAN_DOWNLOAD, CAN_VIEW, CREATED_AT, IS_DELETED) VALUES ('ROLE-18', 'FUNCTION-18', 'OWNER_PERSONAL_PROFILE_MANAGEMENT', 0, 1, 0, 0, 1, SYSDATE, 0);
INSERT INTO ROLE (ROLE_ID, FUNCTION_ID, ROLE_NAME, CAN_ADD, CAN_EDIT, CAN_DELETE, CAN_DOWNLOAD, CAN_VIEW, CREATED_AT, IS_DELETED) VALUES ('ROLE-19', 'FUNCTION-20', 'OWNER_SPORT_TYPE_MANAGEMENT', 1, 1, 1, 1, 1, SYSDATE, 0);
INSERT INTO ROLE (ROLE_ID, FUNCTION_ID, ROLE_NAME, CAN_ADD, CAN_EDIT, CAN_DELETE, CAN_DOWNLOAD, CAN_VIEW, CREATED_AT, IS_DELETED) VALUES ('ROLE-20', 'FUNCTION-1', 'BRANCH_MANAGER_DASHBOARD', 0, 0, 0, 0, 1, SYSDATE, 0);
INSERT INTO ROLE (ROLE_ID, FUNCTION_ID, ROLE_NAME, CAN_ADD, CAN_EDIT, CAN_DELETE, CAN_DOWNLOAD, CAN_VIEW, CREATED_AT, IS_DELETED) VALUES ('ROLE-21', 'FUNCTION-2', 'BRANCH_MANAGER_BRANCH_MANAGEMENT', 0, 0, 0, 0, 0, SYSDATE, 0);
INSERT INTO ROLE (ROLE_ID, FUNCTION_ID, ROLE_NAME, CAN_ADD, CAN_EDIT, CAN_DELETE, CAN_DOWNLOAD, CAN_VIEW, CREATED_AT, IS_DELETED) VALUES ('ROLE-22', 'FUNCTION-3', 'BRANCH_MANAGER_AREA_MANAGEMENT', 1, 1, 1, 0, 1, SYSDATE, 0);
INSERT INTO ROLE (ROLE_ID, FUNCTION_ID, ROLE_NAME, CAN_ADD, CAN_EDIT, CAN_DELETE, CAN_DOWNLOAD, CAN_VIEW, CREATED_AT, IS_DELETED) VALUES ('ROLE-23', 'FUNCTION-4', 'BRANCH_MANAGER_COURT_MANAGEMENT', 1, 1, 1, 0, 1, SYSDATE, 0);
INSERT INTO ROLE (ROLE_ID, FUNCTION_ID, ROLE_NAME, CAN_ADD, CAN_EDIT, CAN_DELETE, CAN_DOWNLOAD, CAN_VIEW, CREATED_AT, IS_DELETED) VALUES ('ROLE-24', 'FUNCTION-5', 'BRANCH_MANAGER_PRICE_MANAGEMENT', 1, 1, 1, 0, 1, SYSDATE, 0);
INSERT INTO ROLE (ROLE_ID, FUNCTION_ID, ROLE_NAME, CAN_ADD, CAN_EDIT, CAN_DELETE, CAN_DOWNLOAD, CAN_VIEW, CREATED_AT, IS_DELETED) VALUES ('ROLE-25', 'FUNCTION-6', 'BRANCH_MANAGER_BOOKING_MANAGEMENT', 1, 1, 1, 0, 1, SYSDATE, 0);
INSERT INTO ROLE (ROLE_ID, FUNCTION_ID, ROLE_NAME, CAN_ADD, CAN_EDIT, CAN_DELETE, CAN_DOWNLOAD, CAN_VIEW, CREATED_AT, IS_DELETED) VALUES ('ROLE-26', 'FUNCTION-7', 'BRANCH_MANAGER_INVOICE_MANAGEMENT', 0, 0, 0, 1, 1, SYSDATE, 0);
INSERT INTO ROLE (ROLE_ID, FUNCTION_ID, ROLE_NAME, CAN_ADD, CAN_EDIT, CAN_DELETE, CAN_DOWNLOAD, CAN_VIEW, CREATED_AT, IS_DELETED) VALUES ('ROLE-27', 'FUNCTION-8', 'BRANCH_MANAGER_SERVICE_MANAGEMENT', 0, 0, 0, 0, 1, SYSDATE, 0);
INSERT INTO ROLE (ROLE_ID, FUNCTION_ID, ROLE_NAME, CAN_ADD, CAN_EDIT, CAN_DELETE, CAN_DOWNLOAD, CAN_VIEW, CREATED_AT, IS_DELETED) VALUES ('ROLE-28', 'FUNCTION-9', 'BRANCH_MANAGER_CUSTOMER_MANAGEMENT', 1, 1, 1, 0, 1, SYSDATE, 0);
INSERT INTO ROLE (ROLE_ID, FUNCTION_ID, ROLE_NAME, CAN_ADD, CAN_EDIT, CAN_DELETE, CAN_DOWNLOAD, CAN_VIEW, CREATED_AT, IS_DELETED) VALUES ('ROLE-29', 'FUNCTION-10', 'BRANCH_MANAGER_CUSTOMER_RANK_MANAGEMENT', 1, 1, 1, 0, 1, SYSDATE, 0);
INSERT INTO ROLE (ROLE_ID, FUNCTION_ID, ROLE_NAME, CAN_ADD, CAN_EDIT, CAN_DELETE, CAN_DOWNLOAD, CAN_VIEW, CREATED_AT, IS_DELETED) VALUES ('ROLE-30', 'FUNCTION-11', 'BRANCH_MANAGER_EMPLOYEE_MANAGEMENT', 1, 1, 1, 0, 1, SYSDATE, 0);
INSERT INTO ROLE (ROLE_ID, FUNCTION_ID, ROLE_NAME, CAN_ADD, CAN_EDIT, CAN_DELETE, CAN_DOWNLOAD, CAN_VIEW, CREATED_AT, IS_DELETED) VALUES ('ROLE-31', 'FUNCTION-12', 'BRANCH_MANAGER_PRODUCT_MANAGEMENT', 1, 1, 1, 0, 1, SYSDATE, 0);
INSERT INTO ROLE (ROLE_ID, FUNCTION_ID, ROLE_NAME, CAN_ADD, CAN_EDIT, CAN_DELETE, CAN_DOWNLOAD, CAN_VIEW, CREATED_AT, IS_DELETED) VALUES ('ROLE-32', 'FUNCTION-13', 'BRANCH_MANAGER_EQUIPMENT_MANAGEMENT', 1, 1, 1, 0, 1, SYSDATE, 0);
INSERT INTO ROLE (ROLE_ID, FUNCTION_ID, ROLE_NAME, CAN_ADD, CAN_EDIT, CAN_DELETE, CAN_DOWNLOAD, CAN_VIEW, CREATED_AT, IS_DELETED) VALUES ('ROLE-33', 'FUNCTION-14', 'BRANCH_MANAGER_IMPORT_MANAGEMENT', 1, 1, 1, 1, 1, SYSDATE, 0);
INSERT INTO ROLE (ROLE_ID, FUNCTION_ID, ROLE_NAME, CAN_ADD, CAN_EDIT, CAN_DELETE, CAN_DOWNLOAD, CAN_VIEW, CREATED_AT, IS_DELETED) VALUES ('ROLE-34', 'FUNCTION-15', 'BRANCH_MANAGER_SUPPLIER_MANAGEMENT', 1, 1, 1, 0, 1, SYSDATE, 0);
INSERT INTO ROLE (ROLE_ID, FUNCTION_ID, ROLE_NAME, CAN_ADD, CAN_EDIT, CAN_DELETE, CAN_DOWNLOAD, CAN_VIEW, CREATED_AT, IS_DELETED) VALUES ('ROLE-35', 'FUNCTION-16', 'BRANCH_MANAGER_REVENUE_MANAGEMENT', 0, 0, 0, 1, 1, SYSDATE, 0);
INSERT INTO ROLE (ROLE_ID, FUNCTION_ID, ROLE_NAME, CAN_ADD, CAN_EDIT, CAN_DELETE, CAN_DOWNLOAD, CAN_VIEW, CREATED_AT, IS_DELETED) VALUES ('ROLE-36', 'FUNCTION-17', 'BRANCH_MANAGER_ACCOUNT_MANAGEMENT', 0, 0, 0, 0, 1, SYSDATE, 0);
INSERT INTO ROLE (ROLE_ID, FUNCTION_ID, ROLE_NAME, CAN_ADD, CAN_EDIT, CAN_DELETE, CAN_DOWNLOAD, CAN_VIEW, CREATED_AT, IS_DELETED) VALUES ('ROLE-37', 'FUNCTION-18', 'BRANCH_MANAGER_PERSONAL_PROFILE_MANAGEMENT', 0, 1, 0, 0, 1, SYSDATE, 0);
INSERT INTO ROLE (ROLE_ID, FUNCTION_ID, ROLE_NAME, CAN_ADD, CAN_EDIT, CAN_DELETE, CAN_DOWNLOAD, CAN_VIEW, CREATED_AT, IS_DELETED) VALUES ('ROLE-38', 'FUNCTION-20', 'BRANCH_MANAGER_SPORT_TYPE_MANAGEMENT', 0, 0, 0, 0, 1, SYSDATE, 0);
INSERT INTO ROLE (ROLE_ID, FUNCTION_ID, ROLE_NAME, CAN_ADD, CAN_EDIT, CAN_DELETE, CAN_DOWNLOAD, CAN_VIEW, CREATED_AT, IS_DELETED) VALUES ('ROLE-39', 'FUNCTION-1', 'CASHIER_DASHBOARD', 0, 0, 0, 0, 1, SYSDATE, 0);
INSERT INTO ROLE (ROLE_ID, FUNCTION_ID, ROLE_NAME, CAN_ADD, CAN_EDIT, CAN_DELETE, CAN_DOWNLOAD, CAN_VIEW, CREATED_AT, IS_DELETED) VALUES ('ROLE-40', 'FUNCTION-3', 'CASHIER_AREA_MANAGEMENT', 0, 0, 0, 0, 1, SYSDATE, 0);
INSERT INTO ROLE (ROLE_ID, FUNCTION_ID, ROLE_NAME, CAN_ADD, CAN_EDIT, CAN_DELETE, CAN_DOWNLOAD, CAN_VIEW, CREATED_AT, IS_DELETED) VALUES ('ROLE-41', 'FUNCTION-4', 'CASHIER_COURT_MANAGEMENT', 0, 0, 0, 0, 1, SYSDATE, 0);
INSERT INTO ROLE (ROLE_ID, FUNCTION_ID, ROLE_NAME, CAN_ADD, CAN_EDIT, CAN_DELETE, CAN_DOWNLOAD, CAN_VIEW, CREATED_AT, IS_DELETED) VALUES ('ROLE-42', 'FUNCTION-5', 'CASHIER_PRICE_MANAGEMENT', 0, 0, 0, 0, 1, SYSDATE, 0);
INSERT INTO ROLE (ROLE_ID, FUNCTION_ID, ROLE_NAME, CAN_ADD, CAN_EDIT, CAN_DELETE, CAN_DOWNLOAD, CAN_VIEW, CREATED_AT, IS_DELETED) VALUES ('ROLE-43', 'FUNCTION-6', 'CASHIER_BOOKING_MANAGEMENT', 1, 1, 1, 0, 1, SYSDATE, 0);
INSERT INTO ROLE (ROLE_ID, FUNCTION_ID, ROLE_NAME, CAN_ADD, CAN_EDIT, CAN_DELETE, CAN_DOWNLOAD, CAN_VIEW, CREATED_AT, IS_DELETED) VALUES ('ROLE-44', 'FUNCTION-7', 'CASHIER_INVOICE_MANAGEMENT', 1, 1, 0, 1, 1, SYSDATE, 0);
INSERT INTO ROLE (ROLE_ID, FUNCTION_ID, ROLE_NAME, CAN_ADD, CAN_EDIT, CAN_DELETE, CAN_DOWNLOAD, CAN_VIEW, CREATED_AT, IS_DELETED) VALUES ('ROLE-45', 'FUNCTION-8', 'CASHIER_SERVICE_MANAGEMENT', 1, 1, 1, 0, 1, SYSDATE, 0);
INSERT INTO ROLE (ROLE_ID, FUNCTION_ID, ROLE_NAME, CAN_ADD, CAN_EDIT, CAN_DELETE, CAN_DOWNLOAD, CAN_VIEW, CREATED_AT, IS_DELETED) VALUES ('ROLE-46', 'FUNCTION-9', 'CASHIER_CUSTOMER_MANAGEMENT', 1, 1, 0, 0, 1, SYSDATE, 0);
INSERT INTO ROLE (ROLE_ID, FUNCTION_ID, ROLE_NAME, CAN_ADD, CAN_EDIT, CAN_DELETE, CAN_DOWNLOAD, CAN_VIEW, CREATED_AT, IS_DELETED) VALUES ('ROLE-47', 'FUNCTION-10', 'CASHIER_CUSTOMER_RANK_MANAGEMENT', 0, 0, 0, 0, 1, SYSDATE, 0);
INSERT INTO ROLE (ROLE_ID, FUNCTION_ID, ROLE_NAME, CAN_ADD, CAN_EDIT, CAN_DELETE, CAN_DOWNLOAD, CAN_VIEW, CREATED_AT, IS_DELETED) VALUES ('ROLE-48', 'FUNCTION-12', 'CASHIER_PRODUCT_MANAGEMENT', 0, 0, 0, 0, 1, SYSDATE, 0);
INSERT INTO ROLE (ROLE_ID, FUNCTION_ID, ROLE_NAME, CAN_ADD, CAN_EDIT, CAN_DELETE, CAN_DOWNLOAD, CAN_VIEW, CREATED_AT, IS_DELETED) VALUES ('ROLE-49', 'FUNCTION-13', 'CASHIER_EQUIPMENT_MANAGEMENT', 0, 0, 0, 0, 1, SYSDATE, 0);
INSERT INTO ROLE (ROLE_ID, FUNCTION_ID, ROLE_NAME, CAN_ADD, CAN_EDIT, CAN_DELETE, CAN_DOWNLOAD, CAN_VIEW, CREATED_AT, IS_DELETED) VALUES ('ROLE-50', 'FUNCTION-18', 'CASHIER_PERSONAL_PROFILE_MANAGEMENT', 0, 1, 0, 0, 1, SYSDATE, 0);
INSERT INTO ROLE (ROLE_ID, FUNCTION_ID, ROLE_NAME, CAN_ADD, CAN_EDIT, CAN_DELETE, CAN_DOWNLOAD, CAN_VIEW, CREATED_AT, IS_DELETED) VALUES ('ROLE-51', 'FUNCTION-1', 'CUSTOMER_DASHBOARD', 0, 0, 0, 0, 1, SYSDATE, 0);
INSERT INTO ROLE (ROLE_ID, FUNCTION_ID, ROLE_NAME, CAN_ADD, CAN_EDIT, CAN_DELETE, CAN_DOWNLOAD, CAN_VIEW, CREATED_AT, IS_DELETED) VALUES ('ROLE-52', 'FUNCTION-7', 'CUSTOMER_INVOICE_MANAGEMENT', 0, 0, 0, 1, 1, SYSDATE, 0);
INSERT INTO ROLE (ROLE_ID, FUNCTION_ID, ROLE_NAME, CAN_ADD, CAN_EDIT, CAN_DELETE, CAN_DOWNLOAD, CAN_VIEW, CREATED_AT, IS_DELETED) VALUES ('ROLE-53', 'FUNCTION-18', 'CUSTOMER_PERSONAL_PROFILE_MANAGEMENT', 0, 1, 0, 0, 1, SYSDATE, 0);
INSERT INTO ROLE (ROLE_ID, FUNCTION_ID, ROLE_NAME, CAN_ADD, CAN_EDIT, CAN_DELETE, CAN_DOWNLOAD, CAN_VIEW, CREATED_AT, IS_DELETED) VALUES ('ROLE-54', 'FUNCTION-19', 'CUSTOMER_CUSTOMER_BOOKING_SELF_SERVICE', 1, 1, 1, 1, 1, SYSDATE, 0);

-- ACCOUNT_ROLE_GROUP_MAPPING (54 rows)
INSERT INTO ACCOUNT_ROLE_GROUP_MAPPING (MAPPING_ID, ROLE_ID, GROUP_ID, CREATED_AT, IS_DELETED) VALUES ('ACCRGRMAP-1', 'ROLE-1', 'RG-1', SYSDATE, 0);
INSERT INTO ACCOUNT_ROLE_GROUP_MAPPING (MAPPING_ID, ROLE_ID, GROUP_ID, CREATED_AT, IS_DELETED) VALUES ('ACCRGRMAP-2', 'ROLE-2', 'RG-1', SYSDATE, 0);
INSERT INTO ACCOUNT_ROLE_GROUP_MAPPING (MAPPING_ID, ROLE_ID, GROUP_ID, CREATED_AT, IS_DELETED) VALUES ('ACCRGRMAP-3', 'ROLE-3', 'RG-1', SYSDATE, 0);
INSERT INTO ACCOUNT_ROLE_GROUP_MAPPING (MAPPING_ID, ROLE_ID, GROUP_ID, CREATED_AT, IS_DELETED) VALUES ('ACCRGRMAP-4', 'ROLE-4', 'RG-1', SYSDATE, 0);
INSERT INTO ACCOUNT_ROLE_GROUP_MAPPING (MAPPING_ID, ROLE_ID, GROUP_ID, CREATED_AT, IS_DELETED) VALUES ('ACCRGRMAP-5', 'ROLE-5', 'RG-1', SYSDATE, 0);
INSERT INTO ACCOUNT_ROLE_GROUP_MAPPING (MAPPING_ID, ROLE_ID, GROUP_ID, CREATED_AT, IS_DELETED) VALUES ('ACCRGRMAP-6', 'ROLE-6', 'RG-1', SYSDATE, 0);
INSERT INTO ACCOUNT_ROLE_GROUP_MAPPING (MAPPING_ID, ROLE_ID, GROUP_ID, CREATED_AT, IS_DELETED) VALUES ('ACCRGRMAP-7', 'ROLE-7', 'RG-1', SYSDATE, 0);
INSERT INTO ACCOUNT_ROLE_GROUP_MAPPING (MAPPING_ID, ROLE_ID, GROUP_ID, CREATED_AT, IS_DELETED) VALUES ('ACCRGRMAP-8', 'ROLE-8', 'RG-1', SYSDATE, 0);
INSERT INTO ACCOUNT_ROLE_GROUP_MAPPING (MAPPING_ID, ROLE_ID, GROUP_ID, CREATED_AT, IS_DELETED) VALUES ('ACCRGRMAP-9', 'ROLE-9', 'RG-1', SYSDATE, 0);
INSERT INTO ACCOUNT_ROLE_GROUP_MAPPING (MAPPING_ID, ROLE_ID, GROUP_ID, CREATED_AT, IS_DELETED) VALUES ('ACCRGRMAP-10', 'ROLE-10', 'RG-1', SYSDATE, 0);
INSERT INTO ACCOUNT_ROLE_GROUP_MAPPING (MAPPING_ID, ROLE_ID, GROUP_ID, CREATED_AT, IS_DELETED) VALUES ('ACCRGRMAP-11', 'ROLE-11', 'RG-1', SYSDATE, 0);
INSERT INTO ACCOUNT_ROLE_GROUP_MAPPING (MAPPING_ID, ROLE_ID, GROUP_ID, CREATED_AT, IS_DELETED) VALUES ('ACCRGRMAP-12', 'ROLE-12', 'RG-1', SYSDATE, 0);
INSERT INTO ACCOUNT_ROLE_GROUP_MAPPING (MAPPING_ID, ROLE_ID, GROUP_ID, CREATED_AT, IS_DELETED) VALUES ('ACCRGRMAP-13', 'ROLE-13', 'RG-1', SYSDATE, 0);
INSERT INTO ACCOUNT_ROLE_GROUP_MAPPING (MAPPING_ID, ROLE_ID, GROUP_ID, CREATED_AT, IS_DELETED) VALUES ('ACCRGRMAP-14', 'ROLE-14', 'RG-1', SYSDATE, 0);
INSERT INTO ACCOUNT_ROLE_GROUP_MAPPING (MAPPING_ID, ROLE_ID, GROUP_ID, CREATED_AT, IS_DELETED) VALUES ('ACCRGRMAP-15', 'ROLE-15', 'RG-1', SYSDATE, 0);
INSERT INTO ACCOUNT_ROLE_GROUP_MAPPING (MAPPING_ID, ROLE_ID, GROUP_ID, CREATED_AT, IS_DELETED) VALUES ('ACCRGRMAP-16', 'ROLE-16', 'RG-1', SYSDATE, 0);
INSERT INTO ACCOUNT_ROLE_GROUP_MAPPING (MAPPING_ID, ROLE_ID, GROUP_ID, CREATED_AT, IS_DELETED) VALUES ('ACCRGRMAP-17', 'ROLE-17', 'RG-1', SYSDATE, 0);
INSERT INTO ACCOUNT_ROLE_GROUP_MAPPING (MAPPING_ID, ROLE_ID, GROUP_ID, CREATED_AT, IS_DELETED) VALUES ('ACCRGRMAP-18', 'ROLE-18', 'RG-1', SYSDATE, 0);
INSERT INTO ACCOUNT_ROLE_GROUP_MAPPING (MAPPING_ID, ROLE_ID, GROUP_ID, CREATED_AT, IS_DELETED) VALUES ('ACCRGRMAP-19', 'ROLE-19', 'RG-1', SYSDATE, 0);
INSERT INTO ACCOUNT_ROLE_GROUP_MAPPING (MAPPING_ID, ROLE_ID, GROUP_ID, CREATED_AT, IS_DELETED) VALUES ('ACCRGRMAP-20', 'ROLE-20', 'RG-2', SYSDATE, 0);
INSERT INTO ACCOUNT_ROLE_GROUP_MAPPING (MAPPING_ID, ROLE_ID, GROUP_ID, CREATED_AT, IS_DELETED) VALUES ('ACCRGRMAP-21', 'ROLE-21', 'RG-2', SYSDATE, 0);
INSERT INTO ACCOUNT_ROLE_GROUP_MAPPING (MAPPING_ID, ROLE_ID, GROUP_ID, CREATED_AT, IS_DELETED) VALUES ('ACCRGRMAP-22', 'ROLE-22', 'RG-2', SYSDATE, 0);
INSERT INTO ACCOUNT_ROLE_GROUP_MAPPING (MAPPING_ID, ROLE_ID, GROUP_ID, CREATED_AT, IS_DELETED) VALUES ('ACCRGRMAP-23', 'ROLE-23', 'RG-2', SYSDATE, 0);
INSERT INTO ACCOUNT_ROLE_GROUP_MAPPING (MAPPING_ID, ROLE_ID, GROUP_ID, CREATED_AT, IS_DELETED) VALUES ('ACCRGRMAP-24', 'ROLE-24', 'RG-2', SYSDATE, 0);
INSERT INTO ACCOUNT_ROLE_GROUP_MAPPING (MAPPING_ID, ROLE_ID, GROUP_ID, CREATED_AT, IS_DELETED) VALUES ('ACCRGRMAP-25', 'ROLE-25', 'RG-2', SYSDATE, 0);
INSERT INTO ACCOUNT_ROLE_GROUP_MAPPING (MAPPING_ID, ROLE_ID, GROUP_ID, CREATED_AT, IS_DELETED) VALUES ('ACCRGRMAP-26', 'ROLE-26', 'RG-2', SYSDATE, 0);
INSERT INTO ACCOUNT_ROLE_GROUP_MAPPING (MAPPING_ID, ROLE_ID, GROUP_ID, CREATED_AT, IS_DELETED) VALUES ('ACCRGRMAP-27', 'ROLE-27', 'RG-2', SYSDATE, 0);
INSERT INTO ACCOUNT_ROLE_GROUP_MAPPING (MAPPING_ID, ROLE_ID, GROUP_ID, CREATED_AT, IS_DELETED) VALUES ('ACCRGRMAP-28', 'ROLE-28', 'RG-2', SYSDATE, 0);
INSERT INTO ACCOUNT_ROLE_GROUP_MAPPING (MAPPING_ID, ROLE_ID, GROUP_ID, CREATED_AT, IS_DELETED) VALUES ('ACCRGRMAP-29', 'ROLE-29', 'RG-2', SYSDATE, 0);
INSERT INTO ACCOUNT_ROLE_GROUP_MAPPING (MAPPING_ID, ROLE_ID, GROUP_ID, CREATED_AT, IS_DELETED) VALUES ('ACCRGRMAP-30', 'ROLE-30', 'RG-2', SYSDATE, 0);
INSERT INTO ACCOUNT_ROLE_GROUP_MAPPING (MAPPING_ID, ROLE_ID, GROUP_ID, CREATED_AT, IS_DELETED) VALUES ('ACCRGRMAP-31', 'ROLE-31', 'RG-2', SYSDATE, 0);
INSERT INTO ACCOUNT_ROLE_GROUP_MAPPING (MAPPING_ID, ROLE_ID, GROUP_ID, CREATED_AT, IS_DELETED) VALUES ('ACCRGRMAP-32', 'ROLE-32', 'RG-2', SYSDATE, 0);
INSERT INTO ACCOUNT_ROLE_GROUP_MAPPING (MAPPING_ID, ROLE_ID, GROUP_ID, CREATED_AT, IS_DELETED) VALUES ('ACCRGRMAP-33', 'ROLE-33', 'RG-2', SYSDATE, 0);
INSERT INTO ACCOUNT_ROLE_GROUP_MAPPING (MAPPING_ID, ROLE_ID, GROUP_ID, CREATED_AT, IS_DELETED) VALUES ('ACCRGRMAP-34', 'ROLE-34', 'RG-2', SYSDATE, 0);
INSERT INTO ACCOUNT_ROLE_GROUP_MAPPING (MAPPING_ID, ROLE_ID, GROUP_ID, CREATED_AT, IS_DELETED) VALUES ('ACCRGRMAP-35', 'ROLE-35', 'RG-2', SYSDATE, 0);
INSERT INTO ACCOUNT_ROLE_GROUP_MAPPING (MAPPING_ID, ROLE_ID, GROUP_ID, CREATED_AT, IS_DELETED) VALUES ('ACCRGRMAP-36', 'ROLE-36', 'RG-2', SYSDATE, 0);
INSERT INTO ACCOUNT_ROLE_GROUP_MAPPING (MAPPING_ID, ROLE_ID, GROUP_ID, CREATED_AT, IS_DELETED) VALUES ('ACCRGRMAP-37', 'ROLE-37', 'RG-2', SYSDATE, 0);
INSERT INTO ACCOUNT_ROLE_GROUP_MAPPING (MAPPING_ID, ROLE_ID, GROUP_ID, CREATED_AT, IS_DELETED) VALUES ('ACCRGRMAP-38', 'ROLE-38', 'RG-2', SYSDATE, 0);
INSERT INTO ACCOUNT_ROLE_GROUP_MAPPING (MAPPING_ID, ROLE_ID, GROUP_ID, CREATED_AT, IS_DELETED) VALUES ('ACCRGRMAP-39', 'ROLE-39', 'RG-3', SYSDATE, 0);
INSERT INTO ACCOUNT_ROLE_GROUP_MAPPING (MAPPING_ID, ROLE_ID, GROUP_ID, CREATED_AT, IS_DELETED) VALUES ('ACCRGRMAP-40', 'ROLE-40', 'RG-3', SYSDATE, 0);
INSERT INTO ACCOUNT_ROLE_GROUP_MAPPING (MAPPING_ID, ROLE_ID, GROUP_ID, CREATED_AT, IS_DELETED) VALUES ('ACCRGRMAP-41', 'ROLE-41', 'RG-3', SYSDATE, 0);
INSERT INTO ACCOUNT_ROLE_GROUP_MAPPING (MAPPING_ID, ROLE_ID, GROUP_ID, CREATED_AT, IS_DELETED) VALUES ('ACCRGRMAP-42', 'ROLE-42', 'RG-3', SYSDATE, 0);
INSERT INTO ACCOUNT_ROLE_GROUP_MAPPING (MAPPING_ID, ROLE_ID, GROUP_ID, CREATED_AT, IS_DELETED) VALUES ('ACCRGRMAP-43', 'ROLE-43', 'RG-3', SYSDATE, 0);
INSERT INTO ACCOUNT_ROLE_GROUP_MAPPING (MAPPING_ID, ROLE_ID, GROUP_ID, CREATED_AT, IS_DELETED) VALUES ('ACCRGRMAP-44', 'ROLE-44', 'RG-3', SYSDATE, 0);
INSERT INTO ACCOUNT_ROLE_GROUP_MAPPING (MAPPING_ID, ROLE_ID, GROUP_ID, CREATED_AT, IS_DELETED) VALUES ('ACCRGRMAP-45', 'ROLE-45', 'RG-3', SYSDATE, 0);
INSERT INTO ACCOUNT_ROLE_GROUP_MAPPING (MAPPING_ID, ROLE_ID, GROUP_ID, CREATED_AT, IS_DELETED) VALUES ('ACCRGRMAP-46', 'ROLE-46', 'RG-3', SYSDATE, 0);
INSERT INTO ACCOUNT_ROLE_GROUP_MAPPING (MAPPING_ID, ROLE_ID, GROUP_ID, CREATED_AT, IS_DELETED) VALUES ('ACCRGRMAP-47', 'ROLE-47', 'RG-3', SYSDATE, 0);
INSERT INTO ACCOUNT_ROLE_GROUP_MAPPING (MAPPING_ID, ROLE_ID, GROUP_ID, CREATED_AT, IS_DELETED) VALUES ('ACCRGRMAP-48', 'ROLE-48', 'RG-3', SYSDATE, 0);
INSERT INTO ACCOUNT_ROLE_GROUP_MAPPING (MAPPING_ID, ROLE_ID, GROUP_ID, CREATED_AT, IS_DELETED) VALUES ('ACCRGRMAP-49', 'ROLE-49', 'RG-3', SYSDATE, 0);
INSERT INTO ACCOUNT_ROLE_GROUP_MAPPING (MAPPING_ID, ROLE_ID, GROUP_ID, CREATED_AT, IS_DELETED) VALUES ('ACCRGRMAP-50', 'ROLE-50', 'RG-3', SYSDATE, 0);
INSERT INTO ACCOUNT_ROLE_GROUP_MAPPING (MAPPING_ID, ROLE_ID, GROUP_ID, CREATED_AT, IS_DELETED) VALUES ('ACCRGRMAP-51', 'ROLE-51', 'RG-4', SYSDATE, 0);
INSERT INTO ACCOUNT_ROLE_GROUP_MAPPING (MAPPING_ID, ROLE_ID, GROUP_ID, CREATED_AT, IS_DELETED) VALUES ('ACCRGRMAP-52', 'ROLE-52', 'RG-4', SYSDATE, 0);
INSERT INTO ACCOUNT_ROLE_GROUP_MAPPING (MAPPING_ID, ROLE_ID, GROUP_ID, CREATED_AT, IS_DELETED) VALUES ('ACCRGRMAP-53', 'ROLE-53', 'RG-4', SYSDATE, 0);
INSERT INTO ACCOUNT_ROLE_GROUP_MAPPING (MAPPING_ID, ROLE_ID, GROUP_ID, CREATED_AT, IS_DELETED) VALUES ('ACCRGRMAP-54', 'ROLE-54', 'RG-4', SYSDATE, 0);

-- ============================================================
-- 2. DỮ LIỆU NGƯỜI DÙNG, KHÁCH HÀNG, NHÂN VIÊN
-- ============================================================

-- HANG_KHACH_HANG (10 rows)
INSERT INTO HANG_KHACH_HANG (MA_HANG, TEN_HANG, CHIET_KHAU, MUC_TIEN, CREATED_AT, IS_DELETED) VALUES ('HKH-1', 'Thành viên mới', 0, 0, SYSDATE, 0);
INSERT INTO HANG_KHACH_HANG (MA_HANG, TEN_HANG, CHIET_KHAU, MUC_TIEN, CREATED_AT, IS_DELETED) VALUES ('HKH-2', 'Đồng', 2, 1000000, SYSDATE, 0);
INSERT INTO HANG_KHACH_HANG (MA_HANG, TEN_HANG, CHIET_KHAU, MUC_TIEN, CREATED_AT, IS_DELETED) VALUES ('HKH-3', 'Bạc', 4, 3000000, SYSDATE, 0);
INSERT INTO HANG_KHACH_HANG (MA_HANG, TEN_HANG, CHIET_KHAU, MUC_TIEN, CREATED_AT, IS_DELETED) VALUES ('HKH-4', 'Vàng', 6, 6000000, SYSDATE, 0);
INSERT INTO HANG_KHACH_HANG (MA_HANG, TEN_HANG, CHIET_KHAU, MUC_TIEN, CREATED_AT, IS_DELETED) VALUES ('HKH-5', 'Bạch kim', 8, 10000000, SYSDATE, 0);
INSERT INTO HANG_KHACH_HANG (MA_HANG, TEN_HANG, CHIET_KHAU, MUC_TIEN, CREATED_AT, IS_DELETED) VALUES ('HKH-6', 'Kim cương', 10, 15000000, SYSDATE, 0);
INSERT INTO HANG_KHACH_HANG (MA_HANG, TEN_HANG, CHIET_KHAU, MUC_TIEN, CREATED_AT, IS_DELETED) VALUES ('HKH-7', 'VIP 1', 12, 22000000, SYSDATE, 0);
INSERT INTO HANG_KHACH_HANG (MA_HANG, TEN_HANG, CHIET_KHAU, MUC_TIEN, CREATED_AT, IS_DELETED) VALUES ('HKH-8', 'VIP 2', 14, 30000000, SYSDATE, 0);
INSERT INTO HANG_KHACH_HANG (MA_HANG, TEN_HANG, CHIET_KHAU, MUC_TIEN, CREATED_AT, IS_DELETED) VALUES ('HKH-9', 'VIP 3', 16, 40000000, SYSDATE, 0);
INSERT INTO HANG_KHACH_HANG (MA_HANG, TEN_HANG, CHIET_KHAU, MUC_TIEN, CREATED_AT, IS_DELETED) VALUES ('HKH-10', 'Đối tác thân thiết', 20, 55000000, SYSDATE, 0);

-- CHI_NHANH (10 rows)
INSERT INTO CHI_NHANH (MACN, TEN_CHI_NHANH, DIACHI, HOTLINE, CREATED_AT, IS_DELETED) VALUES ('CN-1', 'Chi nhánh Quận 1', '12 Nguyễn Huệ, Phường Bến Nghé, Quận 1, TP.HCM', '0901000001', SYSDATE, 0);
INSERT INTO CHI_NHANH (MACN, TEN_CHI_NHANH, DIACHI, HOTLINE, CREATED_AT, IS_DELETED) VALUES ('CN-2', 'Chi nhánh Quận 3', '45 Võ Văn Tần, Phường 6, Quận 3, TP.HCM', '0901000002', SYSDATE, 0);
INSERT INTO CHI_NHANH (MACN, TEN_CHI_NHANH, DIACHI, HOTLINE, CREATED_AT, IS_DELETED) VALUES ('CN-3', 'Chi nhánh Bình Thạnh', '88 Điện Biên Phủ, Bình Thạnh, TP.HCM', '0901000003', SYSDATE, 0);
INSERT INTO CHI_NHANH (MACN, TEN_CHI_NHANH, DIACHI, HOTLINE, CREATED_AT, IS_DELETED) VALUES ('CN-4', 'Chi nhánh Gò Vấp', '21 Quang Trung, Gò Vấp, TP.HCM', '0901000004', SYSDATE, 0);
INSERT INTO CHI_NHANH (MACN, TEN_CHI_NHANH, DIACHI, HOTLINE, CREATED_AT, IS_DELETED) VALUES ('CN-5', 'Chi nhánh Tân Bình', '17 Trường Sơn, Tân Bình, TP.HCM', '0901000005', SYSDATE, 0);
INSERT INTO CHI_NHANH (MACN, TEN_CHI_NHANH, DIACHI, HOTLINE, CREATED_AT, IS_DELETED) VALUES ('CN-6', 'Chi nhánh Thủ Đức', '102 Võ Văn Ngân, Thủ Đức, TP.HCM', '0901000006', SYSDATE, 0);
INSERT INTO CHI_NHANH (MACN, TEN_CHI_NHANH, DIACHI, HOTLINE, CREATED_AT, IS_DELETED) VALUES ('CN-7', 'Chi nhánh Quận 7', '5 Nguyễn Lương Bằng, Quận 7, TP.HCM', '0901000007', SYSDATE, 0);
INSERT INTO CHI_NHANH (MACN, TEN_CHI_NHANH, DIACHI, HOTLINE, CREATED_AT, IS_DELETED) VALUES ('CN-8', 'Chi nhánh Phú Nhuận', '33 Phan Đăng Lưu, Phú Nhuận, TP.HCM', '0901000008', SYSDATE, 0);
INSERT INTO CHI_NHANH (MACN, TEN_CHI_NHANH, DIACHI, HOTLINE, CREATED_AT, IS_DELETED) VALUES ('CN-9', 'Chi nhánh Bình Tân', '70 Kinh Dương Vương, Bình Tân, TP.HCM', '0901000009', SYSDATE, 0);
INSERT INTO CHI_NHANH (MACN, TEN_CHI_NHANH, DIACHI, HOTLINE, CREATED_AT, IS_DELETED) VALUES ('CN-10', 'Chi nhánh Nhà Bè', '19 Nguyễn Hữu Thọ, Nhà Bè, TP.HCM', '0901000010', SYSDATE, 0);

-- LOAI_NHAN_VIEN (10 rows)
INSERT INTO LOAI_NHAN_VIEN (MALNV, VITRI, MUC_LUONG, CREATED_AT, IS_DELETED) VALUES ('LNV-1', 'Chủ sân', 35000000, SYSDATE, 0);
INSERT INTO LOAI_NHAN_VIEN (MALNV, VITRI, MUC_LUONG, CREATED_AT, IS_DELETED) VALUES ('LNV-2', 'Quản lý chi nhánh', 25000000, SYSDATE, 0);
INSERT INTO LOAI_NHAN_VIEN (MALNV, VITRI, MUC_LUONG, CREATED_AT, IS_DELETED) VALUES ('LNV-3', 'Thu ngân', 12000000, SYSDATE, 0);
INSERT INTO LOAI_NHAN_VIEN (MALNV, VITRI, MUC_LUONG, CREATED_AT, IS_DELETED) VALUES ('LNV-4', 'Lễ tân', 10000000, SYSDATE, 0);
INSERT INTO LOAI_NHAN_VIEN (MALNV, VITRI, MUC_LUONG, CREATED_AT, IS_DELETED) VALUES ('LNV-5', 'Bảo trì sân', 11000000, SYSDATE, 0);
INSERT INTO LOAI_NHAN_VIEN (MALNV, VITRI, MUC_LUONG, CREATED_AT, IS_DELETED) VALUES ('LNV-6', 'Huấn luyện viên', 16000000, SYSDATE, 0);
INSERT INTO LOAI_NHAN_VIEN (MALNV, VITRI, MUC_LUONG, CREATED_AT, IS_DELETED) VALUES ('LNV-7', 'Thủ kho', 11500000, SYSDATE, 0);
INSERT INTO LOAI_NHAN_VIEN (MALNV, VITRI, MUC_LUONG, CREATED_AT, IS_DELETED) VALUES ('LNV-8', 'Kế toán', 15000000, SYSDATE, 0);
INSERT INTO LOAI_NHAN_VIEN (MALNV, VITRI, MUC_LUONG, CREATED_AT, IS_DELETED) VALUES ('LNV-9', 'Chăm sóc khách hàng', 10500000, SYSDATE, 0);
INSERT INTO LOAI_NHAN_VIEN (MALNV, VITRI, MUC_LUONG, CREATED_AT, IS_DELETED) VALUES ('LNV-10', 'Bảo vệ', 9000000, SYSDATE, 0);

-- USERS (20 rows)
INSERT INTO USERS (USER_ID, HOTEN, SDT, EMAIL, NGAYSINH, DIACHI, CREATED_AT, IS_DELETED) VALUES ('USERS-1', 'Nguyễn Minh An', '0912000001', 'khachhang01@sportcourt.vn', DATE '1991-02-15', '11 Đường Khách Hàng, TP.HCM', SYSDATE, 0);
INSERT INTO USERS (USER_ID, HOTEN, SDT, EMAIL, NGAYSINH, DIACHI, CREATED_AT, IS_DELETED) VALUES ('USERS-2', 'Trần Gia Bảo', '0912000002', 'khachhang02@sportcourt.vn', DATE '1992-03-15', '12 Đường Khách Hàng, TP.HCM', SYSDATE, 0);
INSERT INTO USERS (USER_ID, HOTEN, SDT, EMAIL, NGAYSINH, DIACHI, CREATED_AT, IS_DELETED) VALUES ('USERS-3', 'Lê Hoàng Chi', '0912000003', 'khachhang03@sportcourt.vn', DATE '1993-04-15', '13 Đường Khách Hàng, TP.HCM', SYSDATE, 0);
INSERT INTO USERS (USER_ID, HOTEN, SDT, EMAIL, NGAYSINH, DIACHI, CREATED_AT, IS_DELETED) VALUES ('USERS-4', 'Phạm Quốc Dũng', '0912000004', 'khachhang04@sportcourt.vn', DATE '1994-05-15', '14 Đường Khách Hàng, TP.HCM', SYSDATE, 0);
INSERT INTO USERS (USER_ID, HOTEN, SDT, EMAIL, NGAYSINH, DIACHI, CREATED_AT, IS_DELETED) VALUES ('USERS-5', 'Võ Thảo Nguyên', '0912000005', 'khachhang05@sportcourt.vn', DATE '1995-06-15', '15 Đường Khách Hàng, TP.HCM', SYSDATE, 0);
INSERT INTO USERS (USER_ID, HOTEN, SDT, EMAIL, NGAYSINH, DIACHI, CREATED_AT, IS_DELETED) VALUES ('USERS-6', 'Đặng Tuấn Kiệt', '0912000006', 'khachhang06@sportcourt.vn', DATE '1996-07-15', '16 Đường Khách Hàng, TP.HCM', SYSDATE, 0);
INSERT INTO USERS (USER_ID, HOTEN, SDT, EMAIL, NGAYSINH, DIACHI, CREATED_AT, IS_DELETED) VALUES ('USERS-7', 'Bùi Khánh Linh', '0912000007', 'khachhang07@sportcourt.vn', DATE '1997-08-15', '17 Đường Khách Hàng, TP.HCM', SYSDATE, 0);
INSERT INTO USERS (USER_ID, HOTEN, SDT, EMAIL, NGAYSINH, DIACHI, CREATED_AT, IS_DELETED) VALUES ('USERS-8', 'Huỳnh Anh Minh', '0912000008', 'khachhang08@sportcourt.vn', DATE '1998-09-15', '18 Đường Khách Hàng, TP.HCM', SYSDATE, 0);
INSERT INTO USERS (USER_ID, HOTEN, SDT, EMAIL, NGAYSINH, DIACHI, CREATED_AT, IS_DELETED) VALUES ('USERS-9', 'Phan Thanh Tâm', '0912000009', 'khachhang09@sportcourt.vn', DATE '1999-01-15', '19 Đường Khách Hàng, TP.HCM', SYSDATE, 0);
INSERT INTO USERS (USER_ID, HOTEN, SDT, EMAIL, NGAYSINH, DIACHI, CREATED_AT, IS_DELETED) VALUES ('USERS-10', 'Đỗ Nhật Vy', '0912000010', 'khachhang10@sportcourt.vn', DATE '1990-02-15', '20 Đường Khách Hàng, TP.HCM', SYSDATE, 0);
INSERT INTO USERS (USER_ID, HOTEN, SDT, EMAIL, NGAYSINH, DIACHI, CREATED_AT, IS_DELETED) VALUES ('USERS-11', 'Lê Văn Duy', '0919008669', 'levanduy3122006@gmail.com', DATE '1981-02-20', '21 Đường Nhân Viên, TP.HCM', SYSDATE, 0);
INSERT INTO USERS (USER_ID, HOTEN, SDT, EMAIL, NGAYSINH, DIACHI, CREATED_AT, IS_DELETED) VALUES ('USERS-12', 'Ngô Bảo Trâm', '0913000002', 'nhanvien02@sportcourt.vn', DATE '1982-03-20', '22 Đường Nhân Viên, TP.HCM', SYSDATE, 0);
INSERT INTO USERS (USER_ID, HOTEN, SDT, EMAIL, NGAYSINH, DIACHI, CREATED_AT, IS_DELETED) VALUES ('USERS-13', 'Trịnh Minh Khang', '0913000003', 'nhanvien03@sportcourt.vn', DATE '1983-04-20', '23 Đường Nhân Viên, TP.HCM', SYSDATE, 0);
INSERT INTO USERS (USER_ID, HOTEN, SDT, EMAIL, NGAYSINH, DIACHI, CREATED_AT, IS_DELETED) VALUES ('USERS-14', 'Mai Hồng Phúc', '0913000004', 'nhanvien04@sportcourt.vn', DATE '1984-05-20', '24 Đường Nhân Viên, TP.HCM', SYSDATE, 0);
INSERT INTO USERS (USER_ID, HOTEN, SDT, EMAIL, NGAYSINH, DIACHI, CREATED_AT, IS_DELETED) VALUES ('USERS-15', 'Cao Đức Huy', '0913000005', 'nhanvien05@sportcourt.vn', DATE '1985-06-20', '25 Đường Nhân Viên, TP.HCM', SYSDATE, 0);
INSERT INTO USERS (USER_ID, HOTEN, SDT, EMAIL, NGAYSINH, DIACHI, CREATED_AT, IS_DELETED) VALUES ('USERS-16', 'Hà Thu Hà', '0913000006', 'nhanvien06@sportcourt.vn', DATE '1986-07-20', '26 Đường Nhân Viên, TP.HCM', SYSDATE, 0);
INSERT INTO USERS (USER_ID, HOTEN, SDT, EMAIL, NGAYSINH, DIACHI, CREATED_AT, IS_DELETED) VALUES ('USERS-17', 'Vũ Quang Hưng', '0913000007', 'nhanvien07@sportcourt.vn', DATE '1987-08-20', '27 Đường Nhân Viên, TP.HCM', SYSDATE, 0);
INSERT INTO USERS (USER_ID, HOTEN, SDT, EMAIL, NGAYSINH, DIACHI, CREATED_AT, IS_DELETED) VALUES ('USERS-18', 'Đinh Ngọc Lan', '0913000008', 'nhanvien08@sportcourt.vn', DATE '1988-09-20', '28 Đường Nhân Viên, TP.HCM', SYSDATE, 0);
INSERT INTO USERS (USER_ID, HOTEN, SDT, EMAIL, NGAYSINH, DIACHI, CREATED_AT, IS_DELETED) VALUES ('USERS-19', 'Tạ Minh Quân', '0913000009', 'nhanvien09@sportcourt.vn', DATE '1989-01-20', '29 Đường Nhân Viên, TP.HCM', SYSDATE, 0);
INSERT INTO USERS (USER_ID, HOTEN, SDT, EMAIL, NGAYSINH, DIACHI, CREATED_AT, IS_DELETED) VALUES ('USERS-20', 'Dương Mỹ Tiên', '0913000010', 'nhanvien10@sportcourt.vn', DATE '1980-02-20', '30 Đường Nhân Viên, TP.HCM', SYSDATE, 0);

-- KHACH_HANG (10 rows)
INSERT INTO KHACH_HANG (MAKH, USER_ID, MA_HANG, TRANGTHAI, DOANH_THU, CREATED_AT, IS_DELETED) VALUES ('KH-1', 'USERS-1', 'HKH-1', 'ACTIVE', 0, SYSDATE, 0);
INSERT INTO KHACH_HANG (MAKH, USER_ID, MA_HANG, TRANGTHAI, DOANH_THU, CREATED_AT, IS_DELETED) VALUES ('KH-2', 'USERS-2', 'HKH-2', 'ACTIVE', 0, SYSDATE, 0);
INSERT INTO KHACH_HANG (MAKH, USER_ID, MA_HANG, TRANGTHAI, DOANH_THU, CREATED_AT, IS_DELETED) VALUES ('KH-3', 'USERS-3', 'HKH-3', 'ACTIVE', 0, SYSDATE, 0);
INSERT INTO KHACH_HANG (MAKH, USER_ID, MA_HANG, TRANGTHAI, DOANH_THU, CREATED_AT, IS_DELETED) VALUES ('KH-4', 'USERS-4', 'HKH-4', 'ACTIVE', 0, SYSDATE, 0);
INSERT INTO KHACH_HANG (MAKH, USER_ID, MA_HANG, TRANGTHAI, DOANH_THU, CREATED_AT, IS_DELETED) VALUES ('KH-5', 'USERS-5', 'HKH-5', 'ACTIVE', 0, SYSDATE, 0);
INSERT INTO KHACH_HANG (MAKH, USER_ID, MA_HANG, TRANGTHAI, DOANH_THU, CREATED_AT, IS_DELETED) VALUES ('KH-6', 'USERS-6', 'HKH-6', 'ACTIVE', 0, SYSDATE, 0);
INSERT INTO KHACH_HANG (MAKH, USER_ID, MA_HANG, TRANGTHAI, DOANH_THU, CREATED_AT, IS_DELETED) VALUES ('KH-7', 'USERS-7', 'HKH-7', 'ACTIVE', 0, SYSDATE, 0);
INSERT INTO KHACH_HANG (MAKH, USER_ID, MA_HANG, TRANGTHAI, DOANH_THU, CREATED_AT, IS_DELETED) VALUES ('KH-8', 'USERS-8', 'HKH-8', 'ACTIVE', 0, SYSDATE, 0);
INSERT INTO KHACH_HANG (MAKH, USER_ID, MA_HANG, TRANGTHAI, DOANH_THU, CREATED_AT, IS_DELETED) VALUES ('KH-9', 'USERS-9', 'HKH-9', 'ACTIVE', 0, SYSDATE, 0);
INSERT INTO KHACH_HANG (MAKH, USER_ID, MA_HANG, TRANGTHAI, DOANH_THU, CREATED_AT, IS_DELETED) VALUES ('KH-10', 'USERS-10', 'HKH-10', 'ACTIVE', 0, SYSDATE, 0);

-- NHAN_VIEN (10 rows)
INSERT INTO NHAN_VIEN (MANV, USER_ID, MALNV, MACN, NVL, CCCD, IS_QL, TRANG_THAI, CREATED_AT, IS_DELETED) VALUES ('NV-1', 'USERS-11', 'LNV-1', 'CN-1', DATE '2024-02-01', '079000000001', 1, 'ACTIVE', SYSDATE, 0);
INSERT INTO NHAN_VIEN (MANV, USER_ID, MALNV, MACN, NVL, CCCD, IS_QL, TRANG_THAI, CREATED_AT, IS_DELETED) VALUES ('NV-2', 'USERS-12', 'LNV-2', 'CN-2', DATE '2024-03-01', '079000000002', 1, 'ACTIVE', SYSDATE, 0);
INSERT INTO NHAN_VIEN (MANV, USER_ID, MALNV, MACN, NVL, CCCD, IS_QL, TRANG_THAI, CREATED_AT, IS_DELETED) VALUES ('NV-3', 'USERS-13', 'LNV-3', 'CN-3', DATE '2024-04-01', '079000000003', 1, 'ACTIVE', SYSDATE, 0);
INSERT INTO NHAN_VIEN (MANV, USER_ID, MALNV, MACN, NVL, CCCD, IS_QL, TRANG_THAI, CREATED_AT, IS_DELETED) VALUES ('NV-4', 'USERS-14', 'LNV-4', 'CN-4', DATE '2024-05-01', '079000000004', 0, 'ACTIVE', SYSDATE, 0);
INSERT INTO NHAN_VIEN (MANV, USER_ID, MALNV, MACN, NVL, CCCD, IS_QL, TRANG_THAI, CREATED_AT, IS_DELETED) VALUES ('NV-5', 'USERS-15', 'LNV-5', 'CN-5', DATE '2024-06-01', '079000000005', 0, 'ACTIVE', SYSDATE, 0);
INSERT INTO NHAN_VIEN (MANV, USER_ID, MALNV, MACN, NVL, CCCD, IS_QL, TRANG_THAI, CREATED_AT, IS_DELETED) VALUES ('NV-6', 'USERS-16', 'LNV-6', 'CN-6', DATE '2024-07-01', '079000000006', 0, 'ACTIVE', SYSDATE, 0);
INSERT INTO NHAN_VIEN (MANV, USER_ID, MALNV, MACN, NVL, CCCD, IS_QL, TRANG_THAI, CREATED_AT, IS_DELETED) VALUES ('NV-7', 'USERS-17', 'LNV-7', 'CN-7', DATE '2024-08-01', '079000000007', 0, 'ACTIVE', SYSDATE, 0);
INSERT INTO NHAN_VIEN (MANV, USER_ID, MALNV, MACN, NVL, CCCD, IS_QL, TRANG_THAI, CREATED_AT, IS_DELETED) VALUES ('NV-8', 'USERS-18', 'LNV-8', 'CN-8', DATE '2024-09-01', '079000000008', 0, 'ACTIVE', SYSDATE, 0);
INSERT INTO NHAN_VIEN (MANV, USER_ID, MALNV, MACN, NVL, CCCD, IS_QL, TRANG_THAI, CREATED_AT, IS_DELETED) VALUES ('NV-9', 'USERS-19', 'LNV-9', 'CN-9', DATE '2024-10-01', '079000000009', 0, 'ACTIVE', SYSDATE, 0);
INSERT INTO NHAN_VIEN (MANV, USER_ID, MALNV, MACN, NVL, CCCD, IS_QL, TRANG_THAI, CREATED_AT, IS_DELETED) VALUES ('NV-10', 'USERS-20', 'LNV-10', 'CN-10', DATE '2024-11-01', '079000000010', 0, 'ACTIVE', SYSDATE, 0);


-- ACCOUNT (20 rows)
INSERT INTO ACCOUNT (ACCOUNT_ID, USER_ID, USERNAME, PASSWORD_HASH, STATUS, CREATED_AT, IS_DELETED) VALUES ('ACC-1', 'USERS-1', 'khachhang01', '8d969eef6ecad3c29a3a629280e686cf0c3f5d5a86aff3ca12020c923adc6c92', 'ACTIVE', SYSDATE, 0);
INSERT INTO ACCOUNT (ACCOUNT_ID, USER_ID, USERNAME, PASSWORD_HASH, STATUS, CREATED_AT, IS_DELETED) VALUES ('ACC-2', 'USERS-2', 'khachhang02', '8d969eef6ecad3c29a3a629280e686cf0c3f5d5a86aff3ca12020c923adc6c92', 'ACTIVE', SYSDATE, 0);
INSERT INTO ACCOUNT (ACCOUNT_ID, USER_ID, USERNAME, PASSWORD_HASH, STATUS, CREATED_AT, IS_DELETED) VALUES ('ACC-3', 'USERS-3', 'khachhang03', '8d969eef6ecad3c29a3a629280e686cf0c3f5d5a86aff3ca12020c923adc6c92', 'ACTIVE', SYSDATE, 0);
INSERT INTO ACCOUNT (ACCOUNT_ID, USER_ID, USERNAME, PASSWORD_HASH, STATUS, CREATED_AT, IS_DELETED) VALUES ('ACC-4', 'USERS-4', 'khachhang04', '8d969eef6ecad3c29a3a629280e686cf0c3f5d5a86aff3ca12020c923adc6c92', 'ACTIVE', SYSDATE, 0);
INSERT INTO ACCOUNT (ACCOUNT_ID, USER_ID, USERNAME, PASSWORD_HASH, STATUS, CREATED_AT, IS_DELETED) VALUES ('ACC-5', 'USERS-5', 'khachhang05', '8d969eef6ecad3c29a3a629280e686cf0c3f5d5a86aff3ca12020c923adc6c92', 'ACTIVE', SYSDATE, 0);
INSERT INTO ACCOUNT (ACCOUNT_ID, USER_ID, USERNAME, PASSWORD_HASH, STATUS, CREATED_AT, IS_DELETED) VALUES ('ACC-6', 'USERS-6', 'khachhang06', '8d969eef6ecad3c29a3a629280e686cf0c3f5d5a86aff3ca12020c923adc6c92', 'ACTIVE', SYSDATE, 0);
INSERT INTO ACCOUNT (ACCOUNT_ID, USER_ID, USERNAME, PASSWORD_HASH, STATUS, CREATED_AT, IS_DELETED) VALUES ('ACC-7', 'USERS-7', 'khachhang07', '8d969eef6ecad3c29a3a629280e686cf0c3f5d5a86aff3ca12020c923adc6c92', 'ACTIVE', SYSDATE, 0);
INSERT INTO ACCOUNT (ACCOUNT_ID, USER_ID, USERNAME, PASSWORD_HASH, STATUS, CREATED_AT, IS_DELETED) VALUES ('ACC-8', 'USERS-8', 'khachhang08', '8d969eef6ecad3c29a3a629280e686cf0c3f5d5a86aff3ca12020c923adc6c92', 'ACTIVE', SYSDATE, 0);
INSERT INTO ACCOUNT (ACCOUNT_ID, USER_ID, USERNAME, PASSWORD_HASH, STATUS, CREATED_AT, IS_DELETED) VALUES ('ACC-9', 'USERS-9', 'khachhang09', '8d969eef6ecad3c29a3a629280e686cf0c3f5d5a86aff3ca12020c923adc6c92', 'ACTIVE', SYSDATE, 0);
INSERT INTO ACCOUNT (ACCOUNT_ID, USER_ID, USERNAME, PASSWORD_HASH, STATUS, CREATED_AT, IS_DELETED) VALUES ('ACC-10', 'USERS-10', 'khachhang10', '8d969eef6ecad3c29a3a629280e686cf0c3f5d5a86aff3ca12020c923adc6c92', 'ACTIVE', SYSDATE, 0);
INSERT INTO ACCOUNT (ACCOUNT_ID, USER_ID, USERNAME, PASSWORD_HASH, STATUS, CREATED_AT, IS_DELETED) VALUES ('ACC-11', 'USERS-11', '0919008669', '8d969eef6ecad3c29a3a629280e686cf0c3f5d5a86aff3ca12020c923adc6c92', 'ACTIVE', SYSDATE, 0);
INSERT INTO ACCOUNT (ACCOUNT_ID, USER_ID, USERNAME, PASSWORD_HASH, STATUS, CREATED_AT, IS_DELETED) VALUES ('ACC-12', 'USERS-12', 'quanly01', '8d969eef6ecad3c29a3a629280e686cf0c3f5d5a86aff3ca12020c923adc6c92', 'ACTIVE', SYSDATE, 0);
INSERT INTO ACCOUNT (ACCOUNT_ID, USER_ID, USERNAME, PASSWORD_HASH, STATUS, CREATED_AT, IS_DELETED) VALUES ('ACC-13', 'USERS-13', 'quanly02', '8d969eef6ecad3c29a3a629280e686cf0c3f5d5a86aff3ca12020c923adc6c92', 'ACTIVE', SYSDATE, 0);
INSERT INTO ACCOUNT (ACCOUNT_ID, USER_ID, USERNAME, PASSWORD_HASH, STATUS, CREATED_AT, IS_DELETED) VALUES ('ACC-14', 'USERS-14', 'thungan01', '8d969eef6ecad3c29a3a629280e686cf0c3f5d5a86aff3ca12020c923adc6c92', 'ACTIVE', SYSDATE, 0);
INSERT INTO ACCOUNT (ACCOUNT_ID, USER_ID, USERNAME, PASSWORD_HASH, STATUS, CREATED_AT, IS_DELETED) VALUES ('ACC-15', 'USERS-15', 'thungan02', '8d969eef6ecad3c29a3a629280e686cf0c3f5d5a86aff3ca12020c923adc6c92', 'ACTIVE', SYSDATE, 0);
INSERT INTO ACCOUNT (ACCOUNT_ID, USER_ID, USERNAME, PASSWORD_HASH, STATUS, CREATED_AT, IS_DELETED) VALUES ('ACC-16', 'USERS-16', 'thungan03', '8d969eef6ecad3c29a3a629280e686cf0c3f5d5a86aff3ca12020c923adc6c92', 'ACTIVE', SYSDATE, 0);
INSERT INTO ACCOUNT (ACCOUNT_ID, USER_ID, USERNAME, PASSWORD_HASH, STATUS, CREATED_AT, IS_DELETED) VALUES ('ACC-17', 'USERS-17', 'thungan04', '8d969eef6ecad3c29a3a629280e686cf0c3f5d5a86aff3ca12020c923adc6c92', 'ACTIVE', SYSDATE, 0);
INSERT INTO ACCOUNT (ACCOUNT_ID, USER_ID, USERNAME, PASSWORD_HASH, STATUS, CREATED_AT, IS_DELETED) VALUES ('ACC-18', 'USERS-18', 'thungan05', '8d969eef6ecad3c29a3a629280e686cf0c3f5d5a86aff3ca12020c923adc6c92', 'ACTIVE', SYSDATE, 0);
INSERT INTO ACCOUNT (ACCOUNT_ID, USER_ID, USERNAME, PASSWORD_HASH, STATUS, CREATED_AT, IS_DELETED) VALUES ('ACC-19', 'USERS-19', 'thungan06', '8d969eef6ecad3c29a3a629280e686cf0c3f5d5a86aff3ca12020c923adc6c92', 'ACTIVE', SYSDATE, 0);
INSERT INTO ACCOUNT (ACCOUNT_ID, USER_ID, USERNAME, PASSWORD_HASH, STATUS, CREATED_AT, IS_DELETED) VALUES ('ACC-20', 'USERS-20', 'thungan07', '8d969eef6ecad3c29a3a629280e686cf0c3f5d5a86aff3ca12020c923adc6c92', 'ACTIVE', SYSDATE, 0);

-- ACCOUNT_TOKEN (10 rows)
INSERT INTO ACCOUNT_TOKEN (TOKEN_ID, ACCOUNT_ID, TOKEN_VALUE, EXPIRED_AT, ISSUED_AT, IS_REVOKED, CREATED_AT, IS_DELETED) VALUES ('ACCTK-1', 'ACC-1', 'seed-token-01', DATE '2026-12-01', DATE '2026-05-01', 'NO', SYSDATE, 0);
INSERT INTO ACCOUNT_TOKEN (TOKEN_ID, ACCOUNT_ID, TOKEN_VALUE, EXPIRED_AT, ISSUED_AT, IS_REVOKED, CREATED_AT, IS_DELETED) VALUES ('ACCTK-2', 'ACC-2', 'seed-token-02', DATE '2026-12-02', DATE '2026-05-02', 'NO', SYSDATE, 0);
INSERT INTO ACCOUNT_TOKEN (TOKEN_ID, ACCOUNT_ID, TOKEN_VALUE, EXPIRED_AT, ISSUED_AT, IS_REVOKED, CREATED_AT, IS_DELETED) VALUES ('ACCTK-3', 'ACC-3', 'seed-token-03', DATE '2026-12-03', DATE '2026-05-03', 'NO', SYSDATE, 0);
INSERT INTO ACCOUNT_TOKEN (TOKEN_ID, ACCOUNT_ID, TOKEN_VALUE, EXPIRED_AT, ISSUED_AT, IS_REVOKED, CREATED_AT, IS_DELETED) VALUES ('ACCTK-4', 'ACC-4', 'seed-token-04', DATE '2026-12-04', DATE '2026-05-04', 'NO', SYSDATE, 0);
INSERT INTO ACCOUNT_TOKEN (TOKEN_ID, ACCOUNT_ID, TOKEN_VALUE, EXPIRED_AT, ISSUED_AT, IS_REVOKED, CREATED_AT, IS_DELETED) VALUES ('ACCTK-5', 'ACC-5', 'seed-token-05', DATE '2026-12-05', DATE '2026-05-05', 'NO', SYSDATE, 0);
INSERT INTO ACCOUNT_TOKEN (TOKEN_ID, ACCOUNT_ID, TOKEN_VALUE, EXPIRED_AT, ISSUED_AT, IS_REVOKED, CREATED_AT, IS_DELETED) VALUES ('ACCTK-6', 'ACC-6', 'seed-token-06', DATE '2026-12-06', DATE '2026-05-06', 'NO', SYSDATE, 0);
INSERT INTO ACCOUNT_TOKEN (TOKEN_ID, ACCOUNT_ID, TOKEN_VALUE, EXPIRED_AT, ISSUED_AT, IS_REVOKED, CREATED_AT, IS_DELETED) VALUES ('ACCTK-7', 'ACC-7', 'seed-token-07', DATE '2026-12-07', DATE '2026-05-07', 'NO', SYSDATE, 0);
INSERT INTO ACCOUNT_TOKEN (TOKEN_ID, ACCOUNT_ID, TOKEN_VALUE, EXPIRED_AT, ISSUED_AT, IS_REVOKED, CREATED_AT, IS_DELETED) VALUES ('ACCTK-8', 'ACC-8', 'seed-token-08', DATE '2026-12-08', DATE '2026-05-08', 'NO', SYSDATE, 0);
INSERT INTO ACCOUNT_TOKEN (TOKEN_ID, ACCOUNT_ID, TOKEN_VALUE, EXPIRED_AT, ISSUED_AT, IS_REVOKED, CREATED_AT, IS_DELETED) VALUES ('ACCTK-9', 'ACC-9', 'seed-token-09', DATE '2026-12-09', DATE '2026-05-09', 'NO', SYSDATE, 0);
INSERT INTO ACCOUNT_TOKEN (TOKEN_ID, ACCOUNT_ID, TOKEN_VALUE, EXPIRED_AT, ISSUED_AT, IS_REVOKED, CREATED_AT, IS_DELETED) VALUES ('ACCTK-10', 'ACC-10', 'seed-token-10', DATE '2026-12-10', DATE '2026-05-10', 'NO', SYSDATE, 0);

-- ACCOUNT_ROLE_GROUP (20 rows)
INSERT INTO ACCOUNT_ROLE_GROUP (ACCOUNT_ROLE_GROUP_ID, ACCOUNT_ID, GROUP_ID, CREATED_AT, IS_DELETED) VALUES ('ACCRGR-1', 'ACC-1', 'RG-4', SYSDATE, 0);
INSERT INTO ACCOUNT_ROLE_GROUP (ACCOUNT_ROLE_GROUP_ID, ACCOUNT_ID, GROUP_ID, CREATED_AT, IS_DELETED) VALUES ('ACCRGR-2', 'ACC-2', 'RG-4', SYSDATE, 0);
INSERT INTO ACCOUNT_ROLE_GROUP (ACCOUNT_ROLE_GROUP_ID, ACCOUNT_ID, GROUP_ID, CREATED_AT, IS_DELETED) VALUES ('ACCRGR-3', 'ACC-3', 'RG-4', SYSDATE, 0);
INSERT INTO ACCOUNT_ROLE_GROUP (ACCOUNT_ROLE_GROUP_ID, ACCOUNT_ID, GROUP_ID, CREATED_AT, IS_DELETED) VALUES ('ACCRGR-4', 'ACC-4', 'RG-4', SYSDATE, 0);
INSERT INTO ACCOUNT_ROLE_GROUP (ACCOUNT_ROLE_GROUP_ID, ACCOUNT_ID, GROUP_ID, CREATED_AT, IS_DELETED) VALUES ('ACCRGR-5', 'ACC-5', 'RG-4', SYSDATE, 0);
INSERT INTO ACCOUNT_ROLE_GROUP (ACCOUNT_ROLE_GROUP_ID, ACCOUNT_ID, GROUP_ID, CREATED_AT, IS_DELETED) VALUES ('ACCRGR-6', 'ACC-6', 'RG-4', SYSDATE, 0);
INSERT INTO ACCOUNT_ROLE_GROUP (ACCOUNT_ROLE_GROUP_ID, ACCOUNT_ID, GROUP_ID, CREATED_AT, IS_DELETED) VALUES ('ACCRGR-7', 'ACC-7', 'RG-4', SYSDATE, 0);
INSERT INTO ACCOUNT_ROLE_GROUP (ACCOUNT_ROLE_GROUP_ID, ACCOUNT_ID, GROUP_ID, CREATED_AT, IS_DELETED) VALUES ('ACCRGR-8', 'ACC-8', 'RG-4', SYSDATE, 0);
INSERT INTO ACCOUNT_ROLE_GROUP (ACCOUNT_ROLE_GROUP_ID, ACCOUNT_ID, GROUP_ID, CREATED_AT, IS_DELETED) VALUES ('ACCRGR-9', 'ACC-9', 'RG-4', SYSDATE, 0);
INSERT INTO ACCOUNT_ROLE_GROUP (ACCOUNT_ROLE_GROUP_ID, ACCOUNT_ID, GROUP_ID, CREATED_AT, IS_DELETED) VALUES ('ACCRGR-10', 'ACC-10', 'RG-4', SYSDATE, 0);
INSERT INTO ACCOUNT_ROLE_GROUP (ACCOUNT_ROLE_GROUP_ID, ACCOUNT_ID, GROUP_ID, CREATED_AT, IS_DELETED) VALUES ('ACCRGR-11', 'ACC-11', 'RG-1', SYSDATE, 0);
INSERT INTO ACCOUNT_ROLE_GROUP (ACCOUNT_ROLE_GROUP_ID, ACCOUNT_ID, GROUP_ID, CREATED_AT, IS_DELETED) VALUES ('ACCRGR-12', 'ACC-12', 'RG-2', SYSDATE, 0);
INSERT INTO ACCOUNT_ROLE_GROUP (ACCOUNT_ROLE_GROUP_ID, ACCOUNT_ID, GROUP_ID, CREATED_AT, IS_DELETED) VALUES ('ACCRGR-13', 'ACC-13', 'RG-2', SYSDATE, 0);
INSERT INTO ACCOUNT_ROLE_GROUP (ACCOUNT_ROLE_GROUP_ID, ACCOUNT_ID, GROUP_ID, CREATED_AT, IS_DELETED) VALUES ('ACCRGR-14', 'ACC-14', 'RG-3', SYSDATE, 0);
INSERT INTO ACCOUNT_ROLE_GROUP (ACCOUNT_ROLE_GROUP_ID, ACCOUNT_ID, GROUP_ID, CREATED_AT, IS_DELETED) VALUES ('ACCRGR-15', 'ACC-15', 'RG-3', SYSDATE, 0);
INSERT INTO ACCOUNT_ROLE_GROUP (ACCOUNT_ROLE_GROUP_ID, ACCOUNT_ID, GROUP_ID, CREATED_AT, IS_DELETED) VALUES ('ACCRGR-16', 'ACC-16', 'RG-3', SYSDATE, 0);
INSERT INTO ACCOUNT_ROLE_GROUP (ACCOUNT_ROLE_GROUP_ID, ACCOUNT_ID, GROUP_ID, CREATED_AT, IS_DELETED) VALUES ('ACCRGR-17', 'ACC-17', 'RG-3', SYSDATE, 0);
INSERT INTO ACCOUNT_ROLE_GROUP (ACCOUNT_ROLE_GROUP_ID, ACCOUNT_ID, GROUP_ID, CREATED_AT, IS_DELETED) VALUES ('ACCRGR-18', 'ACC-18', 'RG-3', SYSDATE, 0);
INSERT INTO ACCOUNT_ROLE_GROUP (ACCOUNT_ROLE_GROUP_ID, ACCOUNT_ID, GROUP_ID, CREATED_AT, IS_DELETED) VALUES ('ACCRGR-19', 'ACC-19', 'RG-3', SYSDATE, 0);
INSERT INTO ACCOUNT_ROLE_GROUP (ACCOUNT_ROLE_GROUP_ID, ACCOUNT_ID, GROUP_ID, CREATED_AT, IS_DELETED) VALUES ('ACCRGR-20', 'ACC-20', 'RG-3', SYSDATE, 0);

-- ACCOUNT_ROLE (20 rows)
INSERT INTO ACCOUNT_ROLE (ACCOUNT_ROLE_ID, ACCOUNT_ID, ROLE_ID, CREATED_AT, IS_DELETED) VALUES ('ACCR-1', 'ACC-1', 'ROLE-54', SYSDATE, 0);
INSERT INTO ACCOUNT_ROLE (ACCOUNT_ROLE_ID, ACCOUNT_ID, ROLE_ID, CREATED_AT, IS_DELETED) VALUES ('ACCR-2', 'ACC-2', 'ROLE-54', SYSDATE, 0);
INSERT INTO ACCOUNT_ROLE (ACCOUNT_ROLE_ID, ACCOUNT_ID, ROLE_ID, CREATED_AT, IS_DELETED) VALUES ('ACCR-3', 'ACC-3', 'ROLE-54', SYSDATE, 0);
INSERT INTO ACCOUNT_ROLE (ACCOUNT_ROLE_ID, ACCOUNT_ID, ROLE_ID, CREATED_AT, IS_DELETED) VALUES ('ACCR-4', 'ACC-4', 'ROLE-54', SYSDATE, 0);
INSERT INTO ACCOUNT_ROLE (ACCOUNT_ROLE_ID, ACCOUNT_ID, ROLE_ID, CREATED_AT, IS_DELETED) VALUES ('ACCR-5', 'ACC-5', 'ROLE-54', SYSDATE, 0);
INSERT INTO ACCOUNT_ROLE (ACCOUNT_ROLE_ID, ACCOUNT_ID, ROLE_ID, CREATED_AT, IS_DELETED) VALUES ('ACCR-6', 'ACC-6', 'ROLE-54', SYSDATE, 0);
INSERT INTO ACCOUNT_ROLE (ACCOUNT_ROLE_ID, ACCOUNT_ID, ROLE_ID, CREATED_AT, IS_DELETED) VALUES ('ACCR-7', 'ACC-7', 'ROLE-54', SYSDATE, 0);
INSERT INTO ACCOUNT_ROLE (ACCOUNT_ROLE_ID, ACCOUNT_ID, ROLE_ID, CREATED_AT, IS_DELETED) VALUES ('ACCR-8', 'ACC-8', 'ROLE-54', SYSDATE, 0);
INSERT INTO ACCOUNT_ROLE (ACCOUNT_ROLE_ID, ACCOUNT_ID, ROLE_ID, CREATED_AT, IS_DELETED) VALUES ('ACCR-9', 'ACC-9', 'ROLE-54', SYSDATE, 0);
INSERT INTO ACCOUNT_ROLE (ACCOUNT_ROLE_ID, ACCOUNT_ID, ROLE_ID, CREATED_AT, IS_DELETED) VALUES ('ACCR-10', 'ACC-10', 'ROLE-54', SYSDATE, 0);
INSERT INTO ACCOUNT_ROLE (ACCOUNT_ROLE_ID, ACCOUNT_ID, ROLE_ID, CREATED_AT, IS_DELETED) VALUES ('ACCR-11', 'ACC-11', 'ROLE-17', SYSDATE, 0);
INSERT INTO ACCOUNT_ROLE (ACCOUNT_ROLE_ID, ACCOUNT_ID, ROLE_ID, CREATED_AT, IS_DELETED) VALUES ('ACCR-12', 'ACC-12', 'ROLE-25', SYSDATE, 0);
INSERT INTO ACCOUNT_ROLE (ACCOUNT_ROLE_ID, ACCOUNT_ID, ROLE_ID, CREATED_AT, IS_DELETED) VALUES ('ACCR-13', 'ACC-13', 'ROLE-25', SYSDATE, 0);
INSERT INTO ACCOUNT_ROLE (ACCOUNT_ROLE_ID, ACCOUNT_ID, ROLE_ID, CREATED_AT, IS_DELETED) VALUES ('ACCR-14', 'ACC-14', 'ROLE-43', SYSDATE, 0);
INSERT INTO ACCOUNT_ROLE (ACCOUNT_ROLE_ID, ACCOUNT_ID, ROLE_ID, CREATED_AT, IS_DELETED) VALUES ('ACCR-15', 'ACC-15', 'ROLE-43', SYSDATE, 0);
INSERT INTO ACCOUNT_ROLE (ACCOUNT_ROLE_ID, ACCOUNT_ID, ROLE_ID, CREATED_AT, IS_DELETED) VALUES ('ACCR-16', 'ACC-16', 'ROLE-43', SYSDATE, 0);
INSERT INTO ACCOUNT_ROLE (ACCOUNT_ROLE_ID, ACCOUNT_ID, ROLE_ID, CREATED_AT, IS_DELETED) VALUES ('ACCR-17', 'ACC-17', 'ROLE-43', SYSDATE, 0);
INSERT INTO ACCOUNT_ROLE (ACCOUNT_ROLE_ID, ACCOUNT_ID, ROLE_ID, CREATED_AT, IS_DELETED) VALUES ('ACCR-18', 'ACC-18', 'ROLE-43', SYSDATE, 0);
INSERT INTO ACCOUNT_ROLE (ACCOUNT_ROLE_ID, ACCOUNT_ID, ROLE_ID, CREATED_AT, IS_DELETED) VALUES ('ACCR-19', 'ACC-19', 'ROLE-43', SYSDATE, 0);
INSERT INTO ACCOUNT_ROLE (ACCOUNT_ROLE_ID, ACCOUNT_ID, ROLE_ID, CREATED_AT, IS_DELETED) VALUES ('ACCR-20', 'ACC-20', 'ROLE-43', SYSDATE, 0);

-- ============================================================
-- 3. SÂN, BẢNG GIÁ, DỊCH VỤ, NHẬP HÀNG
-- ============================================================

-- LOAI_THE_THAO (5 rows)
INSERT INTO LOAI_THE_THAO (MATT, TEN, DESCRIPTION, CREATED_AT, IS_DELETED) VALUES ('LTT-1', 'Pickleball', 'Sân pickleball tiêu chuẩn, phù hợp đánh đôi và đơn', SYSDATE, 0);
INSERT INTO LOAI_THE_THAO (MATT, TEN, DESCRIPTION, CREATED_AT, IS_DELETED) VALUES ('LTT-2', 'Bóng bàn', 'Khu vực bàn bóng bàn trong nhà', SYSDATE, 0);
INSERT INTO LOAI_THE_THAO (MATT, TEN, DESCRIPTION, CREATED_AT, IS_DELETED) VALUES ('LTT-3', 'Cầu lông', 'Sân cầu lông tiêu chuẩn phong trào', SYSDATE, 0);
INSERT INTO LOAI_THE_THAO (MATT, TEN, DESCRIPTION, CREATED_AT, IS_DELETED) VALUES ('LTT-4', 'Tennis', 'Sân tennis mặt cứng tiêu chuẩn', SYSDATE, 0);
INSERT INTO LOAI_THE_THAO (MATT, TEN, DESCRIPTION, CREATED_AT, IS_DELETED) VALUES ('LTT-5', 'Bóng đá', 'Sân bóng đá mini cỏ nhân tạo', SYSDATE, 0);

-- KHU_VUC (10 rows)
INSERT INTO KHU_VUC (MAKV, MACN, MATT, SO_LUONG_SAN, CREATED_AT, IS_DELETED) VALUES ('KV-A', 'CN-1', 'LTT-1', 0, SYSDATE, 0);
INSERT INTO KHU_VUC (MAKV, MACN, MATT, SO_LUONG_SAN, CREATED_AT, IS_DELETED) VALUES ('KV-B', 'CN-2', 'LTT-2', 0, SYSDATE, 0);
INSERT INTO KHU_VUC (MAKV, MACN, MATT, SO_LUONG_SAN, CREATED_AT, IS_DELETED) VALUES ('KV-C', 'CN-3', 'LTT-3', 0, SYSDATE, 0);
INSERT INTO KHU_VUC (MAKV, MACN, MATT, SO_LUONG_SAN, CREATED_AT, IS_DELETED) VALUES ('KV-D', 'CN-4', 'LTT-4', 0, SYSDATE, 0);
INSERT INTO KHU_VUC (MAKV, MACN, MATT, SO_LUONG_SAN, CREATED_AT, IS_DELETED) VALUES ('KV-E', 'CN-5', 'LTT-5', 0, SYSDATE, 0);
INSERT INTO KHU_VUC (MAKV, MACN, MATT, SO_LUONG_SAN, CREATED_AT, IS_DELETED) VALUES ('KV-F', 'CN-6', 'LTT-1', 0, SYSDATE, 0);
INSERT INTO KHU_VUC (MAKV, MACN, MATT, SO_LUONG_SAN, CREATED_AT, IS_DELETED) VALUES ('KV-G', 'CN-7', 'LTT-2', 0, SYSDATE, 0);
INSERT INTO KHU_VUC (MAKV, MACN, MATT, SO_LUONG_SAN, CREATED_AT, IS_DELETED) VALUES ('KV-H', 'CN-8', 'LTT-3', 0, SYSDATE, 0);
INSERT INTO KHU_VUC (MAKV, MACN, MATT, SO_LUONG_SAN, CREATED_AT, IS_DELETED) VALUES ('KV-I', 'CN-9', 'LTT-4', 0, SYSDATE, 0);
INSERT INTO KHU_VUC (MAKV, MACN, MATT, SO_LUONG_SAN, CREATED_AT, IS_DELETED) VALUES ('KV-J', 'CN-10', 'LTT-5', 0, SYSDATE, 0);

-- SAN_CON (10 rows)
INSERT INTO SAN_CON (MASAN, MAKV, TRANGTHAI, CREATED_AT, IS_DELETED) VALUES ('SC-1', 'KV-A', 'ĐANG HOẠT ĐỘNG', SYSDATE, 0);
INSERT INTO SAN_CON (MASAN, MAKV, TRANGTHAI, CREATED_AT, IS_DELETED) VALUES ('SC-2', 'KV-B', 'ĐANG HOẠT ĐỘNG', SYSDATE, 0);
INSERT INTO SAN_CON (MASAN, MAKV, TRANGTHAI, CREATED_AT, IS_DELETED) VALUES ('SC-3', 'KV-C', 'ĐANG HOẠT ĐỘNG', SYSDATE, 0);
INSERT INTO SAN_CON (MASAN, MAKV, TRANGTHAI, CREATED_AT, IS_DELETED) VALUES ('SC-4', 'KV-D', 'ĐANG HOẠT ĐỘNG', SYSDATE, 0);
INSERT INTO SAN_CON (MASAN, MAKV, TRANGTHAI, CREATED_AT, IS_DELETED) VALUES ('SC-5', 'KV-E', 'ĐANG HOẠT ĐỘNG', SYSDATE, 0);
INSERT INTO SAN_CON (MASAN, MAKV, TRANGTHAI, CREATED_AT, IS_DELETED) VALUES ('SC-6', 'KV-F', 'ĐANG HOẠT ĐỘNG', SYSDATE, 0);
INSERT INTO SAN_CON (MASAN, MAKV, TRANGTHAI, CREATED_AT, IS_DELETED) VALUES ('SC-7', 'KV-G', 'ĐANG HOẠT ĐỘNG', SYSDATE, 0);
INSERT INTO SAN_CON (MASAN, MAKV, TRANGTHAI, CREATED_AT, IS_DELETED) VALUES ('SC-8', 'KV-H', 'ĐANG HOẠT ĐỘNG', SYSDATE, 0);
INSERT INTO SAN_CON (MASAN, MAKV, TRANGTHAI, CREATED_AT, IS_DELETED) VALUES ('SC-9', 'KV-I', 'ĐANG HOẠT ĐỘNG', SYSDATE, 0);
INSERT INTO SAN_CON (MASAN, MAKV, TRANGTHAI, CREATED_AT, IS_DELETED) VALUES ('SC-10', 'KV-J', 'ĐANG HOẠT ĐỘNG', SYSDATE, 0);

SELECT * FROM SAN_CON
-- BANG_GIA (10 rows)
INSERT INTO BANG_GIA (MABG, MAKV, GIOBATDAU, GIOKETTHUC, GIA, CREATED_AT, IS_DELETED) VALUES ('BG-1', 'KV-A', 6, 7, 120000, SYSDATE, 0);
INSERT INTO BANG_GIA (MABG, MAKV, GIOBATDAU, GIOKETTHUC, GIA, CREATED_AT, IS_DELETED) VALUES ('BG-2', 'KV-B', 7, 8, 90000, SYSDATE, 0);
INSERT INTO BANG_GIA (MABG, MAKV, GIOBATDAU, GIOKETTHUC, GIA, CREATED_AT, IS_DELETED) VALUES ('BG-3', 'KV-C', 8, 9, 100000, SYSDATE, 0);
INSERT INTO BANG_GIA (MABG, MAKV, GIOBATDAU, GIOKETTHUC, GIA, CREATED_AT, IS_DELETED) VALUES ('BG-4', 'KV-D', 9, 10, 180000, SYSDATE, 0);
INSERT INTO BANG_GIA (MABG, MAKV, GIOBATDAU, GIOKETTHUC, GIA, CREATED_AT, IS_DELETED) VALUES ('BG-5', 'KV-E', 10, 11, 250000, SYSDATE, 0);
INSERT INTO BANG_GIA (MABG, MAKV, GIOBATDAU, GIOKETTHUC, GIA, CREATED_AT, IS_DELETED) VALUES ('BG-6', 'KV-F', 11, 12, 130000, SYSDATE, 0);
INSERT INTO BANG_GIA (MABG, MAKV, GIOBATDAU, GIOKETTHUC, GIA, CREATED_AT, IS_DELETED) VALUES ('BG-7', 'KV-G', 12, 13, 95000, SYSDATE, 0);
INSERT INTO BANG_GIA (MABG, MAKV, GIOBATDAU, GIOKETTHUC, GIA, CREATED_AT, IS_DELETED) VALUES ('BG-8', 'KV-H', 13, 14, 105000, SYSDATE, 0);
INSERT INTO BANG_GIA (MABG, MAKV, GIOBATDAU, GIOKETTHUC, GIA, CREATED_AT, IS_DELETED) VALUES ('BG-9', 'KV-I', 14, 15, 190000, SYSDATE, 0);
INSERT INTO BANG_GIA (MABG, MAKV, GIOBATDAU, GIOKETTHUC, GIA, CREATED_AT, IS_DELETED) VALUES ('BG-10', 'KV-J', 15, 16, 260000, SYSDATE, 0);

-- SAN_PHAM (10 rows)
INSERT INTO SAN_PHAM (MASP, TENSP, DVT, GIA, SL_TON, CREATED_AT, IS_DELETED) VALUES ('SP-1', 'Nước suối 500ml', 'Chai', 10000, 120, SYSDATE, 0);
INSERT INTO SAN_PHAM (MASP, TENSP, DVT, GIA, SL_TON, CREATED_AT, IS_DELETED) VALUES ('SP-2', 'Nước điện giải', 'Chai', 18000, 90, SYSDATE, 0);
INSERT INTO SAN_PHAM (MASP, TENSP, DVT, GIA, SL_TON, CREATED_AT, IS_DELETED) VALUES ('SP-3', 'Khăn lạnh', 'Cái', 5000, 200, SYSDATE, 0);
INSERT INTO SAN_PHAM (MASP, TENSP, DVT, GIA, SL_TON, CREATED_AT, IS_DELETED) VALUES ('SP-4', 'Bánh năng lượng', 'Gói', 25000, 60, SYSDATE, 0);
INSERT INTO SAN_PHAM (MASP, TENSP, DVT, GIA, SL_TON, CREATED_AT, IS_DELETED) VALUES ('SP-5', 'Bóng tennis lon 3 quả', 'Lon', 95000, 40, SYSDATE, 0);
INSERT INTO SAN_PHAM (MASP, TENSP, DVT, GIA, SL_TON, CREATED_AT, IS_DELETED) VALUES ('SP-6', 'Cầu lông hộp 12 quả', 'Hộp', 180000, 35, SYSDATE, 0);
INSERT INTO SAN_PHAM (MASP, TENSP, DVT, GIA, SL_TON, CREATED_AT, IS_DELETED) VALUES ('SP-7', 'Bóng pickleball', 'Quả', 45000, 80, SYSDATE, 0);
INSERT INTO SAN_PHAM (MASP, TENSP, DVT, GIA, SL_TON, CREATED_AT, IS_DELETED) VALUES ('SP-8', 'Bóng bàn 3 sao', 'Quả', 15000, 100, SYSDATE, 0);
INSERT INTO SAN_PHAM (MASP, TENSP, DVT, GIA, SL_TON, CREATED_AT, IS_DELETED) VALUES ('SP-9', 'Băng cổ tay', 'Cái', 35000, 55, SYSDATE, 0);
INSERT INTO SAN_PHAM (MASP, TENSP, DVT, GIA, SL_TON, CREATED_AT, IS_DELETED) VALUES ('SP-10', 'Áo bib bóng đá', 'Cái', 30000, 70, SYSDATE, 0);

-- DUNG_CU_THE_THAO (10 rows)
INSERT INTO DUNG_CU_THE_THAO (MADC, TENDC, DVT, GIA, SL_TON, CREATED_AT, IS_DELETED) VALUES ('DCTT-1', 'Vợt pickleball', 'Cái', 70000, 30, SYSDATE, 0);
INSERT INTO DUNG_CU_THE_THAO (MADC, TENDC, DVT, GIA, SL_TON, CREATED_AT, IS_DELETED) VALUES ('DCTT-2', 'Vợt bóng bàn', 'Cái', 40000, 35, SYSDATE, 0);
INSERT INTO DUNG_CU_THE_THAO (MADC, TENDC, DVT, GIA, SL_TON, CREATED_AT, IS_DELETED) VALUES ('DCTT-3', 'Vợt cầu lông', 'Cái', 50000, 40, SYSDATE, 0);
INSERT INTO DUNG_CU_THE_THAO (MADC, TENDC, DVT, GIA, SL_TON, CREATED_AT, IS_DELETED) VALUES ('DCTT-4', 'Vợt tennis', 'Cái', 90000, 25, SYSDATE, 0);
INSERT INTO DUNG_CU_THE_THAO (MADC, TENDC, DVT, GIA, SL_TON, CREATED_AT, IS_DELETED) VALUES ('DCTT-5', 'Bóng đá thi đấu', 'Quả', 60000, 20, SYSDATE, 0);
INSERT INTO DUNG_CU_THE_THAO (MADC, TENDC, DVT, GIA, SL_TON, CREATED_AT, IS_DELETED) VALUES ('DCTT-6', 'Lưới cầu lông', 'Bộ', 80000, 12, SYSDATE, 0);
INSERT INTO DUNG_CU_THE_THAO (MADC, TENDC, DVT, GIA, SL_TON, CREATED_AT, IS_DELETED) VALUES ('DCTT-7', 'Giày sân cỏ', 'Đôi', 50000, 25, SYSDATE, 0);
INSERT INTO DUNG_CU_THE_THAO (MADC, TENDC, DVT, GIA, SL_TON, CREATED_AT, IS_DELETED) VALUES ('DCTT-8', 'Bảng điểm điện tử', 'Cái', 120000, 8, SYSDATE, 0);
INSERT INTO DUNG_CU_THE_THAO (MADC, TENDC, DVT, GIA, SL_TON, CREATED_AT, IS_DELETED) VALUES ('DCTT-9', 'Máy bắn bóng bàn', 'Cái', 150000, 5, SYSDATE, 0);
INSERT INTO DUNG_CU_THE_THAO (MADC, TENDC, DVT, GIA, SL_TON, CREATED_AT, IS_DELETED) VALUES ('DCTT-10', 'Bộ cọc biên sân', 'Bộ', 30000, 18, SYSDATE, 0);

-- NHA_CUNG_CAP (10 rows)
INSERT INTO NHA_CUNG_CAP (MANCC, TENNCC, SDT, EMAIL, WEBSITE, DIACHI, CREATED_AT, IS_DELETED) VALUES ('NCC-1', 'Nhà cung cấp thể thao 01', '0924000001', 'ncc01@supplier.vn', 'https://ncc01.vn', '101 Đường Nhà Cung Cấp, TP.HCM', SYSDATE, 0);
INSERT INTO NHA_CUNG_CAP (MANCC, TENNCC, SDT, EMAIL, WEBSITE, DIACHI, CREATED_AT, IS_DELETED) VALUES ('NCC-2', 'Nhà cung cấp thể thao 02', '0924000002', 'ncc02@supplier.vn', 'https://ncc02.vn', '102 Đường Nhà Cung Cấp, TP.HCM', SYSDATE, 0);
INSERT INTO NHA_CUNG_CAP (MANCC, TENNCC, SDT, EMAIL, WEBSITE, DIACHI, CREATED_AT, IS_DELETED) VALUES ('NCC-3', 'Nhà cung cấp thể thao 03', '0924000003', 'ncc03@supplier.vn', 'https://ncc03.vn', '103 Đường Nhà Cung Cấp, TP.HCM', SYSDATE, 0);
INSERT INTO NHA_CUNG_CAP (MANCC, TENNCC, SDT, EMAIL, WEBSITE, DIACHI, CREATED_AT, IS_DELETED) VALUES ('NCC-4', 'Nhà cung cấp thể thao 04', '0924000004', 'ncc04@supplier.vn', 'https://ncc04.vn', '104 Đường Nhà Cung Cấp, TP.HCM', SYSDATE, 0);
INSERT INTO NHA_CUNG_CAP (MANCC, TENNCC, SDT, EMAIL, WEBSITE, DIACHI, CREATED_AT, IS_DELETED) VALUES ('NCC-5', 'Nhà cung cấp thể thao 05', '0924000005', 'ncc05@supplier.vn', 'https://ncc05.vn', '105 Đường Nhà Cung Cấp, TP.HCM', SYSDATE, 0);
INSERT INTO NHA_CUNG_CAP (MANCC, TENNCC, SDT, EMAIL, WEBSITE, DIACHI, CREATED_AT, IS_DELETED) VALUES ('NCC-6', 'Nhà cung cấp thể thao 06', '0924000006', 'ncc06@supplier.vn', 'https://ncc06.vn', '106 Đường Nhà Cung Cấp, TP.HCM', SYSDATE, 0);
INSERT INTO NHA_CUNG_CAP (MANCC, TENNCC, SDT, EMAIL, WEBSITE, DIACHI, CREATED_AT, IS_DELETED) VALUES ('NCC-7', 'Nhà cung cấp thể thao 07', '0924000007', 'ncc07@supplier.vn', 'https://ncc07.vn', '107 Đường Nhà Cung Cấp, TP.HCM', SYSDATE, 0);
INSERT INTO NHA_CUNG_CAP (MANCC, TENNCC, SDT, EMAIL, WEBSITE, DIACHI, CREATED_AT, IS_DELETED) VALUES ('NCC-8', 'Nhà cung cấp thể thao 08', '0924000008', 'ncc08@supplier.vn', 'https://ncc08.vn', '108 Đường Nhà Cung Cấp, TP.HCM', SYSDATE, 0);
INSERT INTO NHA_CUNG_CAP (MANCC, TENNCC, SDT, EMAIL, WEBSITE, DIACHI, CREATED_AT, IS_DELETED) VALUES ('NCC-9', 'Nhà cung cấp thể thao 09', '0924000009', 'ncc09@supplier.vn', 'https://ncc09.vn', '109 Đường Nhà Cung Cấp, TP.HCM', SYSDATE, 0);
INSERT INTO NHA_CUNG_CAP (MANCC, TENNCC, SDT, EMAIL, WEBSITE, DIACHI, CREATED_AT, IS_DELETED) VALUES ('NCC-10', 'Nhà cung cấp thể thao 10', '0924000010', 'ncc10@supplier.vn', 'https://ncc10.vn', '110 Đường Nhà Cung Cấp, TP.HCM', SYSDATE, 0);

-- NHAP_HANG (10 rows)
INSERT INTO NHAP_HANG (MANH, MANCC, MANV, MACHUNGTU, TRI_GIA, CREATED_AT, IS_DELETED) VALUES ('NH-1', 'NCC-1', 'NV-1', 'PN0001', 2250000, SYSDATE, 0);
INSERT INTO NHAP_HANG (MANH, MANCC, MANV, MACHUNGTU, TRI_GIA, CREATED_AT, IS_DELETED) VALUES ('NH-2', 'NCC-2', 'NV-2', 'PN0002', 2500000, SYSDATE, 0);
INSERT INTO NHAP_HANG (MANH, MANCC, MANV, MACHUNGTU, TRI_GIA, CREATED_AT, IS_DELETED) VALUES ('NH-3', 'NCC-3', 'NV-3', 'PN0003', 2750000, SYSDATE, 0);
INSERT INTO NHAP_HANG (MANH, MANCC, MANV, MACHUNGTU, TRI_GIA, CREATED_AT, IS_DELETED) VALUES ('NH-4', 'NCC-4', 'NV-4', 'PN0004', 3000000, SYSDATE, 0);
INSERT INTO NHAP_HANG (MANH, MANCC, MANV, MACHUNGTU, TRI_GIA, CREATED_AT, IS_DELETED) VALUES ('NH-5', 'NCC-5', 'NV-5', 'PN0005', 3250000, SYSDATE, 0);
INSERT INTO NHAP_HANG (MANH, MANCC, MANV, MACHUNGTU, TRI_GIA, CREATED_AT, IS_DELETED) VALUES ('NH-6', 'NCC-6', 'NV-6', 'PN0006', 3500000, SYSDATE, 0);
INSERT INTO NHAP_HANG (MANH, MANCC, MANV, MACHUNGTU, TRI_GIA, CREATED_AT, IS_DELETED) VALUES ('NH-7', 'NCC-7', 'NV-7', 'PN0007', 3750000, SYSDATE, 0);
INSERT INTO NHAP_HANG (MANH, MANCC, MANV, MACHUNGTU, TRI_GIA, CREATED_AT, IS_DELETED) VALUES ('NH-8', 'NCC-8', 'NV-8', 'PN0008', 4000000, SYSDATE, 0);
INSERT INTO NHAP_HANG (MANH, MANCC, MANV, MACHUNGTU, TRI_GIA, CREATED_AT, IS_DELETED) VALUES ('NH-9', 'NCC-9', 'NV-9', 'PN0009', 4250000, SYSDATE, 0);
INSERT INTO NHAP_HANG (MANH, MANCC, MANV, MACHUNGTU, TRI_GIA, CREATED_AT, IS_DELETED) VALUES ('NH-10', 'NCC-10', 'NV-10', 'PN0010', 4500000, SYSDATE, 0);

-- CHI_TIET_NHAP_HANG (10 rows)
INSERT INTO CHI_TIET_NHAP_HANG (MACTNH_SP, MANH, MASP, SLTHEOCHUNGTU, SLTHUCNHAP, DONGIA, VAT, CREATED_AT, IS_DELETED) VALUES ('CTNH-1', 'NH-1', 'SP-1', 21, 21, 55000, 8, SYSDATE, 0);
INSERT INTO CHI_TIET_NHAP_HANG (MACTNH_SP, MANH, MASP, SLTHEOCHUNGTU, SLTHUCNHAP, DONGIA, VAT, CREATED_AT, IS_DELETED) VALUES ('CTNH-2', 'NH-2', 'SP-2', 22, 22, 60000, 8, SYSDATE, 0);
INSERT INTO CHI_TIET_NHAP_HANG (MACTNH_SP, MANH, MASP, SLTHEOCHUNGTU, SLTHUCNHAP, DONGIA, VAT, CREATED_AT, IS_DELETED) VALUES ('CTNH-3', 'NH-3', 'SP-3', 23, 23, 65000, 8, SYSDATE, 0);
INSERT INTO CHI_TIET_NHAP_HANG (MACTNH_SP, MANH, MASP, SLTHEOCHUNGTU, SLTHUCNHAP, DONGIA, VAT, CREATED_AT, IS_DELETED) VALUES ('CTNH-4', 'NH-4', 'SP-4', 24, 24, 70000, 8, SYSDATE, 0);
INSERT INTO CHI_TIET_NHAP_HANG (MACTNH_SP, MANH, MASP, SLTHEOCHUNGTU, SLTHUCNHAP, DONGIA, VAT, CREATED_AT, IS_DELETED) VALUES ('CTNH-5', 'NH-5', 'SP-5', 25, 25, 75000, 8, SYSDATE, 0);
INSERT INTO CHI_TIET_NHAP_HANG (MACTNH_SP, MANH, MASP, SLTHEOCHUNGTU, SLTHUCNHAP, DONGIA, VAT, CREATED_AT, IS_DELETED) VALUES ('CTNH-6', 'NH-6', 'SP-6', 26, 26, 80000, 8, SYSDATE, 0);
INSERT INTO CHI_TIET_NHAP_HANG (MACTNH_SP, MANH, MASP, SLTHEOCHUNGTU, SLTHUCNHAP, DONGIA, VAT, CREATED_AT, IS_DELETED) VALUES ('CTNH-7', 'NH-7', 'SP-7', 27, 27, 85000, 8, SYSDATE, 0);
INSERT INTO CHI_TIET_NHAP_HANG (MACTNH_SP, MANH, MASP, SLTHEOCHUNGTU, SLTHUCNHAP, DONGIA, VAT, CREATED_AT, IS_DELETED) VALUES ('CTNH-8', 'NH-8', 'SP-8', 28, 28, 90000, 8, SYSDATE, 0);
INSERT INTO CHI_TIET_NHAP_HANG (MACTNH_SP, MANH, MASP, SLTHEOCHUNGTU, SLTHUCNHAP, DONGIA, VAT, CREATED_AT, IS_DELETED) VALUES ('CTNH-9', 'NH-9', 'SP-9', 29, 29, 95000, 8, SYSDATE, 0);
INSERT INTO CHI_TIET_NHAP_HANG (MACTNH_SP, MANH, MASP, SLTHEOCHUNGTU, SLTHUCNHAP, DONGIA, VAT, CREATED_AT, IS_DELETED) VALUES ('CTNH-10', 'NH-10', 'SP-10', 30, 30, 100000, 8, SYSDATE, 0);

-- CHI_TIET_NHAP_DUNG_CU (10 rows)
INSERT INTO CHI_TIET_NHAP_DUNG_CU (MACTNH_DC, MANH, MADC, SLTHEOCHUNGTU, SLTHUCNHAP, CKTM, DONGIA, CREATED_AT, IS_DELETED) VALUES ('CTNDC-1', 'NH-1', 'DCTT-1', 6, 6, 0, 90000, SYSDATE, 0);
INSERT INTO CHI_TIET_NHAP_DUNG_CU (MACTNH_DC, MANH, MADC, SLTHEOCHUNGTU, SLTHUCNHAP, CKTM, DONGIA, CREATED_AT, IS_DELETED) VALUES ('CTNDC-2', 'NH-2', 'DCTT-2', 7, 7, 5, 100000, SYSDATE, 0);
INSERT INTO CHI_TIET_NHAP_DUNG_CU (MACTNH_DC, MANH, MADC, SLTHEOCHUNGTU, SLTHUCNHAP, CKTM, DONGIA, CREATED_AT, IS_DELETED) VALUES ('CTNDC-3', 'NH-3', 'DCTT-3', 8, 8, 0, 110000, SYSDATE, 0);
INSERT INTO CHI_TIET_NHAP_DUNG_CU (MACTNH_DC, MANH, MADC, SLTHEOCHUNGTU, SLTHUCNHAP, CKTM, DONGIA, CREATED_AT, IS_DELETED) VALUES ('CTNDC-4', 'NH-4', 'DCTT-4', 9, 9, 5, 120000, SYSDATE, 0);
INSERT INTO CHI_TIET_NHAP_DUNG_CU (MACTNH_DC, MANH, MADC, SLTHEOCHUNGTU, SLTHUCNHAP, CKTM, DONGIA, CREATED_AT, IS_DELETED) VALUES ('CTNDC-5', 'NH-5', 'DCTT-5', 10, 10, 0, 130000, SYSDATE, 0);
INSERT INTO CHI_TIET_NHAP_DUNG_CU (MACTNH_DC, MANH, MADC, SLTHEOCHUNGTU, SLTHUCNHAP, CKTM, DONGIA, CREATED_AT, IS_DELETED) VALUES ('CTNDC-6', 'NH-6', 'DCTT-6', 11, 11, 5, 140000, SYSDATE, 0);
INSERT INTO CHI_TIET_NHAP_DUNG_CU (MACTNH_DC, MANH, MADC, SLTHEOCHUNGTU, SLTHUCNHAP, CKTM, DONGIA, CREATED_AT, IS_DELETED) VALUES ('CTNDC-7', 'NH-7', 'DCTT-7', 12, 12, 0, 150000, SYSDATE, 0);
INSERT INTO CHI_TIET_NHAP_DUNG_CU (MACTNH_DC, MANH, MADC, SLTHEOCHUNGTU, SLTHUCNHAP, CKTM, DONGIA, CREATED_AT, IS_DELETED) VALUES ('CTNDC-8', 'NH-8', 'DCTT-8', 13, 13, 5, 160000, SYSDATE, 0);
INSERT INTO CHI_TIET_NHAP_DUNG_CU (MACTNH_DC, MANH, MADC, SLTHEOCHUNGTU, SLTHUCNHAP, CKTM, DONGIA, CREATED_AT, IS_DELETED) VALUES ('CTNDC-9', 'NH-9', 'DCTT-9', 14, 14, 0, 170000, SYSDATE, 0);
INSERT INTO CHI_TIET_NHAP_DUNG_CU (MACTNH_DC, MANH, MADC, SLTHEOCHUNGTU, SLTHUCNHAP, CKTM, DONGIA, CREATED_AT, IS_DELETED) VALUES ('CTNDC-10', 'NH-10', 'DCTT-10', 15, 15, 5, 180000, SYSDATE, 0);

-- ============================================================
-- 4. HÓA ĐƠN, CHI TIẾT SỬ DỤNG DỊCH VỤ, DOANH THU
-- ============================================================

-- HOA_DON (10 rows)
INSERT INTO HOA_DON (MAHD, MAKH, MANV, TIEN_COC, GIAMGIA, TONGGIATRI, TRANGTHAI, TONGTIEN, CREATED_AT, IS_DELETED) VALUES ('HD-1', 'KH-1', 'NV-1', 0, 0, 0, 'CHƯA THANH TOÁN', 0, SYSDATE, 0);
INSERT INTO HOA_DON (MAHD, MAKH, MANV, TIEN_COC, GIAMGIA, TONGGIATRI, TRANGTHAI, TONGTIEN, CREATED_AT, IS_DELETED) VALUES ('HD-2', 'KH-2', 'NV-2', 0, 0, 0, 'CHƯA THANH TOÁN', 0, SYSDATE, 0);
INSERT INTO HOA_DON (MAHD, MAKH, MANV, TIEN_COC, GIAMGIA, TONGGIATRI, TRANGTHAI, TONGTIEN, CREATED_AT, IS_DELETED) VALUES ('HD-3', 'KH-3', 'NV-3', 0, 0, 0, 'CHƯA THANH TOÁN', 0, SYSDATE, 0);
INSERT INTO HOA_DON (MAHD, MAKH, MANV, TIEN_COC, GIAMGIA, TONGGIATRI, TRANGTHAI, TONGTIEN, CREATED_AT, IS_DELETED) VALUES ('HD-4', 'KH-4', 'NV-4', 0, 0, 0, 'CHƯA THANH TOÁN', 0, SYSDATE, 0);
INSERT INTO HOA_DON (MAHD, MAKH, MANV, TIEN_COC, GIAMGIA, TONGGIATRI, TRANGTHAI, TONGTIEN, CREATED_AT, IS_DELETED) VALUES ('HD-5', 'KH-5', 'NV-5', 0, 0, 0, 'CHƯA THANH TOÁN', 0, SYSDATE, 0);
INSERT INTO HOA_DON (MAHD, MAKH, MANV, TIEN_COC, GIAMGIA, TONGGIATRI, TRANGTHAI, TONGTIEN, CREATED_AT, IS_DELETED) VALUES ('HD-6', 'KH-6', 'NV-6', 0, 0, 0, 'CHƯA THANH TOÁN', 0, SYSDATE, 0);
INSERT INTO HOA_DON (MAHD, MAKH, MANV, TIEN_COC, GIAMGIA, TONGGIATRI, TRANGTHAI, TONGTIEN, CREATED_AT, IS_DELETED) VALUES ('HD-7', 'KH-7', 'NV-7', 0, 0, 0, 'CHƯA THANH TOÁN', 0, SYSDATE, 0);
INSERT INTO HOA_DON (MAHD, MAKH, MANV, TIEN_COC, GIAMGIA, TONGGIATRI, TRANGTHAI, TONGTIEN, CREATED_AT, IS_DELETED) VALUES ('HD-8', 'KH-8', 'NV-8', 0, 0, 0, 'CHƯA THANH TOÁN', 0, SYSDATE, 0);
INSERT INTO HOA_DON (MAHD, MAKH, MANV, TIEN_COC, GIAMGIA, TONGGIATRI, TRANGTHAI, TONGTIEN, CREATED_AT, IS_DELETED) VALUES ('HD-9', 'KH-9', 'NV-9', 0, 0, 0, 'CHƯA THANH TOÁN', 0, SYSDATE, 0);
INSERT INTO HOA_DON (MAHD, MAKH, MANV, TIEN_COC, GIAMGIA, TONGGIATRI, TRANGTHAI, TONGTIEN, CREATED_AT, IS_DELETED) VALUES ('HD-10', 'KH-10', 'NV-10', 0, 0, 0, 'CHƯA THANH TOÁN', 0, SYSDATE, 0);

-- CHI_TIET_HOA_DON_THUE_SAN (10 rows)
INSERT INTO CHI_TIET_HOA_DON_THUE_SAN (MACT_THUE_SAN, MAHD, MASAN, MABG, NGAYTHUE, DON_GIA_THUE, TRANGTHAI, CREATED_AT, IS_DELETED) VALUES ('CTHDTS-1', 'HD-1', 'SC-1', 'BG-1', TO_DATE('2026-05-11 06:00', 'YYYY-MM-DD HH24:MI'), 0, 'ĐÃ XÁC NHẬN', SYSDATE, 0);
INSERT INTO CHI_TIET_HOA_DON_THUE_SAN (MACT_THUE_SAN, MAHD, MASAN, MABG, NGAYTHUE, DON_GIA_THUE, TRANGTHAI, CREATED_AT, IS_DELETED) VALUES ('CTHDTS-2', 'HD-2', 'SC-2', 'BG-2', TO_DATE('2026-05-12 07:00', 'YYYY-MM-DD HH24:MI'), 0, 'ĐÃ XÁC NHẬN', SYSDATE, 0);
INSERT INTO CHI_TIET_HOA_DON_THUE_SAN (MACT_THUE_SAN, MAHD, MASAN, MABG, NGAYTHUE, DON_GIA_THUE, TRANGTHAI, CREATED_AT, IS_DELETED) VALUES ('CTHDTS-3', 'HD-3', 'SC-3', 'BG-3', TO_DATE('2026-05-13 08:00', 'YYYY-MM-DD HH24:MI'), 0, 'ĐÃ XÁC NHẬN', SYSDATE, 0);
INSERT INTO CHI_TIET_HOA_DON_THUE_SAN (MACT_THUE_SAN, MAHD, MASAN, MABG, NGAYTHUE, DON_GIA_THUE, TRANGTHAI, CREATED_AT, IS_DELETED) VALUES ('CTHDTS-4', 'HD-4', 'SC-4', 'BG-4', TO_DATE('2026-05-14 09:00', 'YYYY-MM-DD HH24:MI'), 0, 'ĐÃ XÁC NHẬN', SYSDATE, 0);
INSERT INTO CHI_TIET_HOA_DON_THUE_SAN (MACT_THUE_SAN, MAHD, MASAN, MABG, NGAYTHUE, DON_GIA_THUE, TRANGTHAI, CREATED_AT, IS_DELETED) VALUES ('CTHDTS-5', 'HD-5', 'SC-5', 'BG-5', TO_DATE('2026-05-15 10:00', 'YYYY-MM-DD HH24:MI'), 0, 'ĐÃ XÁC NHẬN', SYSDATE, 0);
INSERT INTO CHI_TIET_HOA_DON_THUE_SAN (MACT_THUE_SAN, MAHD, MASAN, MABG, NGAYTHUE, DON_GIA_THUE, TRANGTHAI, CREATED_AT, IS_DELETED) VALUES ('CTHDTS-6', 'HD-6', 'SC-6', 'BG-6', TO_DATE('2026-05-16 11:00', 'YYYY-MM-DD HH24:MI'), 0, 'ĐÃ XÁC NHẬN', SYSDATE, 0);
INSERT INTO CHI_TIET_HOA_DON_THUE_SAN (MACT_THUE_SAN, MAHD, MASAN, MABG, NGAYTHUE, DON_GIA_THUE, TRANGTHAI, CREATED_AT, IS_DELETED) VALUES ('CTHDTS-7', 'HD-7', 'SC-7', 'BG-7', TO_DATE('2026-05-17 12:00', 'YYYY-MM-DD HH24:MI'), 0, 'ĐÃ XÁC NHẬN', SYSDATE, 0);
INSERT INTO CHI_TIET_HOA_DON_THUE_SAN (MACT_THUE_SAN, MAHD, MASAN, MABG, NGAYTHUE, DON_GIA_THUE, TRANGTHAI, CREATED_AT, IS_DELETED) VALUES ('CTHDTS-8', 'HD-8', 'SC-8', 'BG-8', TO_DATE('2026-05-18 13:00', 'YYYY-MM-DD HH24:MI'), 0, 'ĐÃ XÁC NHẬN', SYSDATE, 0);
INSERT INTO CHI_TIET_HOA_DON_THUE_SAN (MACT_THUE_SAN, MAHD, MASAN, MABG, NGAYTHUE, DON_GIA_THUE, TRANGTHAI, CREATED_AT, IS_DELETED) VALUES ('CTHDTS-9', 'HD-9', 'SC-9', 'BG-9', TO_DATE('2026-05-19 14:00', 'YYYY-MM-DD HH24:MI'), 0, 'ĐÃ XÁC NHẬN', SYSDATE, 0);
INSERT INTO CHI_TIET_HOA_DON_THUE_SAN (MACT_THUE_SAN, MAHD, MASAN, MABG, NGAYTHUE, DON_GIA_THUE, TRANGTHAI, CREATED_AT, IS_DELETED) VALUES ('CTHDTS-10', 'HD-10', 'SC-10', 'BG-10', TO_DATE('2026-05-20 15:00', 'YYYY-MM-DD HH24:MI'), 0, 'ĐÃ XÁC NHẬN', SYSDATE, 0);

-- CHI_TIET_HOA_DON_DICH_VU_DA_DUNG (10 rows)
INSERT INTO CHI_TIET_HOA_DON_DICH_VU_DA_DUNG (MACT_DICH_VU, MAHD, MASP, MADC, SL, DON_GIA, TRANGTHAI, CREATED_AT, IS_DELETED) VALUES ('CTHDDV-1', 'HD-1', 'SP-1', NULL, 2, 0, 'ĐÃ HOÀN THÀNH', SYSDATE, 0);
INSERT INTO CHI_TIET_HOA_DON_DICH_VU_DA_DUNG (MACT_DICH_VU, MAHD, MASP, MADC, SL, DON_GIA, TRANGTHAI, CREATED_AT, IS_DELETED) VALUES ('CTHDDV-2', 'HD-2', NULL, 'DCTT-2', 1, 0, 'ĐANG SỬ DỤNG', SYSDATE, 0);
INSERT INTO CHI_TIET_HOA_DON_DICH_VU_DA_DUNG (MACT_DICH_VU, MAHD, MASP, MADC, SL, DON_GIA, TRANGTHAI, CREATED_AT, IS_DELETED) VALUES ('CTHDDV-3', 'HD-3', 'SP-3', NULL, 2, 0, 'ĐÃ HOÀN THÀNH', SYSDATE, 0);
INSERT INTO CHI_TIET_HOA_DON_DICH_VU_DA_DUNG (MACT_DICH_VU, MAHD, MASP, MADC, SL, DON_GIA, TRANGTHAI, CREATED_AT, IS_DELETED) VALUES ('CTHDDV-4', 'HD-4', NULL, 'DCTT-4', 1, 0, 'ĐANG SỬ DỤNG', SYSDATE, 0);
INSERT INTO CHI_TIET_HOA_DON_DICH_VU_DA_DUNG (MACT_DICH_VU, MAHD, MASP, MADC, SL, DON_GIA, TRANGTHAI, CREATED_AT, IS_DELETED) VALUES ('CTHDDV-5', 'HD-5', 'SP-5', NULL, 2, 0, 'ĐÃ HOÀN THÀNH', SYSDATE, 0);
INSERT INTO CHI_TIET_HOA_DON_DICH_VU_DA_DUNG (MACT_DICH_VU, MAHD, MASP, MADC, SL, DON_GIA, TRANGTHAI, CREATED_AT, IS_DELETED) VALUES ('CTHDDV-6', 'HD-6', NULL, 'DCTT-6', 1, 0, 'ĐANG SỬ DỤNG', SYSDATE, 0);
INSERT INTO CHI_TIET_HOA_DON_DICH_VU_DA_DUNG (MACT_DICH_VU, MAHD, MASP, MADC, SL, DON_GIA, TRANGTHAI, CREATED_AT, IS_DELETED) VALUES ('CTHDDV-7', 'HD-7', 'SP-7', NULL, 2, 0, 'ĐÃ HOÀN THÀNH', SYSDATE, 0);
INSERT INTO CHI_TIET_HOA_DON_DICH_VU_DA_DUNG (MACT_DICH_VU, MAHD, MASP, MADC, SL, DON_GIA, TRANGTHAI, CREATED_AT, IS_DELETED) VALUES ('CTHDDV-8', 'HD-8', NULL, 'DCTT-8', 1, 0, 'ĐANG SỬ DỤNG', SYSDATE, 0);
INSERT INTO CHI_TIET_HOA_DON_DICH_VU_DA_DUNG (MACT_DICH_VU, MAHD, MASP, MADC, SL, DON_GIA, TRANGTHAI, CREATED_AT, IS_DELETED) VALUES ('CTHDDV-9', 'HD-9', 'SP-9', NULL, 2, 0, 'ĐÃ HOÀN THÀNH', SYSDATE, 0);
INSERT INTO CHI_TIET_HOA_DON_DICH_VU_DA_DUNG (MACT_DICH_VU, MAHD, MASP, MADC, SL, DON_GIA, TRANGTHAI, CREATED_AT, IS_DELETED) VALUES ('CTHDDV-10', 'HD-10', NULL, 'DCTT-10', 1, 0, 'ĐANG SỬ DỤNG', SYSDATE, 0);

-- DOANH_THU (10 rows)
INSERT INTO DOANH_THU (MADT,MACN,LOAI,NOIDUNG,NGAY,NGAY_BAT_DAU,NGAY_KET_THUC,DT_THUE_SAN,DT_DICH_VU,TONGDOANHTHU) VALUES ('DT-1','CN-1','NGAY','Doanh thu mẫu chi nhánh 01',DATE '2026-05-01',DATE '2026-05-01',DATE '2026-05-01',750000,500000,1250000);
INSERT INTO DOANH_THU (MADT,MACN,LOAI,NOIDUNG,NGAY,NGAY_BAT_DAU,NGAY_KET_THUC,DT_THUE_SAN,DT_DICH_VU,TONGDOANHTHU) VALUES ('DT-2','CN-2','NGAY','Doanh thu mẫu chi nhánh 02',DATE '2026-05-02',DATE '2026-05-02',DATE '2026-05-02',900000,600000,1500000);
INSERT INTO DOANH_THU (MADT,MACN,LOAI,NOIDUNG,NGAY,NGAY_BAT_DAU,NGAY_KET_THUC,DT_THUE_SAN,DT_DICH_VU,TONGDOANHTHU) VALUES ('DT-3','CN-3','NGAY','Doanh thu mẫu chi nhánh 03',DATE '2026-05-03',DATE '2026-05-03',DATE '2026-05-03',1050000,700000,1750000);
INSERT INTO DOANH_THU (MADT,MACN,LOAI,NOIDUNG,NGAY,NGAY_BAT_DAU,NGAY_KET_THUC,DT_THUE_SAN,DT_DICH_VU,TONGDOANHTHU) VALUES ('DT-4','CN-4','NGAY','Doanh thu mẫu chi nhánh 04',DATE '2026-05-04',DATE '2026-05-04',DATE '2026-05-04',1200000,800000,2000000);
INSERT INTO DOANH_THU (MADT,MACN,LOAI,NOIDUNG,NGAY,NGAY_BAT_DAU,NGAY_KET_THUC,DT_THUE_SAN,DT_DICH_VU,TONGDOANHTHU) VALUES ('DT-5','CN-5','NGAY','Doanh thu mẫu chi nhánh 05',DATE '2026-05-05',DATE '2026-05-05',DATE '2026-05-05',1350000,900000,2250000);
INSERT INTO DOANH_THU (MADT,MACN,LOAI,NOIDUNG,NGAY,NGAY_BAT_DAU,NGAY_KET_THUC,DT_THUE_SAN,DT_DICH_VU,TONGDOANHTHU) VALUES ('DT-6','CN-6','NGAY','Doanh thu mẫu chi nhánh 06',DATE '2026-05-06',DATE '2026-05-06',DATE '2026-05-06',1500000,1000000,2500000);
INSERT INTO DOANH_THU (MADT,MACN,LOAI,NOIDUNG,NGAY,NGAY_BAT_DAU,NGAY_KET_THUC,DT_THUE_SAN,DT_DICH_VU,TONGDOANHTHU) VALUES ('DT-7','CN-7','NGAY','Doanh thu mẫu chi nhánh 07',DATE '2026-05-07',DATE '2026-05-07',DATE '2026-05-07',1650000,1100000,2750000);
INSERT INTO DOANH_THU (MADT,MACN,LOAI,NOIDUNG,NGAY,NGAY_BAT_DAU,NGAY_KET_THUC,DT_THUE_SAN,DT_DICH_VU,TONGDOANHTHU) VALUES ('DT-8','CN-8','NGAY','Doanh thu mẫu chi nhánh 08',DATE '2026-05-08',DATE '2026-05-08',DATE '2026-05-08',1800000,1200000,3000000);
INSERT INTO DOANH_THU (MADT,MACN,LOAI,NOIDUNG,NGAY,NGAY_BAT_DAU,NGAY_KET_THUC,DT_THUE_SAN,DT_DICH_VU,TONGDOANHTHU) VALUES ('DT-9','CN-9','NGAY','Doanh thu mẫu chi nhánh 09',DATE '2026-05-09',DATE '2026-05-09',DATE '2026-05-09',1950000,1300000,3250000);
INSERT INTO DOANH_THU (MADT,MACN,LOAI,NOIDUNG,NGAY,NGAY_BAT_DAU,NGAY_KET_THUC,DT_THUE_SAN,DT_DICH_VU,TONGDOANHTHU) VALUES ('DT-10','CN-10','NGAY','Doanh thu mẫu chi nhánh 10',DATE '2026-05-10',DATE '2026-05-10',DATE '2026-05-10',2100000,1400000,3500000);

-- Đồng bộ lại số lượng sân theo thực tế sau khi seed, tránh lệch nếu trigger đếm sân đã/chưa được bật.
UPDATE KHU_VUC KV SET SO_LUONG_SAN = (SELECT COUNT(*) FROM SAN_CON SC WHERE SC.MAKV = KV.MAKV AND SC.IS_DELETED = 0);

COMMIT;

-- ============================================================
-- Tài khoản đăng nhập mẫu:
--   0919008669 / 123456
--   quanly01, quanly02 / 123456
--   thungan01..thungan07 / 123456
--   khachhang01..khachhang10 / 123456
-- ============================================================

-- thêm roll cho sportype

